,0,1,2,3,4,5,6,7,8,9,10,11,12,13,14,15,16,17,18,19,20,21,22,23,24,25,26,27,28,29,30,31,32
0,-13.285758,-16.339684,-10.616625,-16.310957,-1.9919116,0.3903553,0.22358827,-0.16310711,-1.7699254,9.692665,-1.6128815,-1.915862,-2.8763623,2.2767842,-2.0258079,1.351738,1.5292822,-1.6388644,-4.635434,-3.0576177,-2.6385503,-1.1541934,-4.695818,-4.621796,-3.4506419,-9.769274,-9.117547,-8.174709,-14.092532,-13.622708,-14.397081,-13.878307,-16.285023
1,-13.997614,-21.157753,-13.177267,-21.106232,-0.9360662,0.814838,-0.34162977,-0.18382871,1.1595201,1.1806754,1.3838701,1.1780102,-0.8795383,0.34032956,-3.0198536,2.3086343,0.9257601,0.41120058,-2.614102,-2.199211,-1.4345405,-0.8343108,-3.7402966,-2.6241093,-6.5365014,-12.092751,-12.268888,-12.1887045,-15.452083,-15.721753,-15.949719,-15.541508,-21.098154
2,-13.595183,-19.063503,-13.354565,-19.057917,-0.44431132,0.70638937,0.5768451,0.28909013,0.7046264,0.1443615,1.2509127,0.5996697,-0.403574,-0.008198437,1.1386393,1.1406621,0.32315978,0.6689936,-1.4404219,-1.2459644,-0.69445854,-0.48030213,-3.6527596,-2.359856,-8.473135,-13.312368,-13.3788395,-13.515302,-15.666864,-15.816389,-15.91861,-15.799336,-19.01247
3,-12.777254,-15.79473,-13.303529,-15.809662,-0.045996286,-0.11625686,-0.7016532,0.088432364,-0.040474854,-0.41107953,-0.4292923,0.24025491,-0.57720125,-0.8071627,0.99580204,-0.17668855,-0.3513975,-0.546368,-1.4307526,-1.3092476,-1.0692365,-1.043024,-2.6725543,4.8806076,-7.62877,-13.572424,-10.874376,-14.305549,-14.994757,-15.546324,-16.464737,-15.945732,-15.805262
4,-3.480364,-10.115743,-4.4232235,-10.045813,-1.9636009,-2.7517824,-0.81673634,-4.0212216,-0.13639368,-1.9120295,5.2471166,-1.198906,-2.6178725,-4.3700137,-3.7833226,1.7838758,3.2709293,0.7392787,-3.0840952,-2.5721068,-1.7160674,2.948894,-2.2006018,-1.4453936,-1.1730866,-9.082748,-10.121764,-7.3333073,-15.7678175,-14.926573,-15.513318,-14.444952,-10.06891
5,-3.480364,-10.115743,-4.4232235,-10.045813,-1.9636009,-2.7517824,-0.81673634,-4.0212216,-0.13639368,-1.9120295,5.2471166,-1.198906,-2.6178725,-4.3700137,-3.7833226,1.7838758,3.2709293,0.7392787,-3.0840952,-2.5721068,-1.7160674,2.948894,-2.2006018,-1.4453936,-1.1730866,-9.082748,-10.121764,-7.3333073,-15.7678175,-14.926573,-15.513318,-14.444952,-10.06891
6,-11.311583,-20.27397,-11.137142,-20.246836,0.80032045,2.8794081,-1.0824808,2.3160434,2.2448912,0.50005805,3.4773817,3.2954104,-1.1037235,-4.209578,-7.054916,0.97481287,2.2304182,-3.0676954,-2.4524825,-3.3324845,0.28316858,-0.3488985,-0.18633676,-1.1315995,-4.74607,-13.06724,-13.012068,-11.560781,-15.502833,-15.242439,-15.625011,-15.663576,-20.239994
7,-12.975297,-17.710258,-12.832522,-17.714262,0.14783537,0.14076711,1.2800463,-0.26654068,1.3689579,0.023164142,0.43847823,0.62150997,-1.0425917,0.27531782,1.1008326,-0.09895695,-0.086131334,-0.18392396,-0.648148,-1.1394018,-1.4665574,-0.6227428,-1.4742991,-0.8559909,-8.329316,-13.134964,-13.28006,-13.577641,-15.705601,-15.836819,-15.933573,-15.997835,-17.734123
8,-7.381789,-9.06406,-8.355862,-8.956837,-0.6930429,-1.4462093,0.17171077,-2.0128343,-0.41070408,-2.923583,8.329647,-1.3128128,-2.7223375,-4.087608,0.2497913,0.3875561,0.12972736,-2.4093392,-3.543424,-2.9411926,-1.6831781,0.4056827,-0.9060404,-4.32065,-5.231411,-11.559292,-9.11656,-10.735288,-14.953738,-13.308549,-13.784336,-13.986742,-9.086083
9,-12.425028,-18.379864,-11.274554,-18.341162,-1.3038772,0.7834838,2.1407557,-0.6512393,1.9942619,1.7073817,0.4094783,-0.105930425,-2.0496707,4.6299653,-1.841238,-0.36620218,0.3311473,2.425389,-2.6233068,-2.381172,-3.266254,1.2882828,-3.4355946,-3.4303007,-5.9625497,-8.865677,-10.401302,-11.500862,-15.336792,-15.255418,-15.666901,-15.523704,-18.335196
10,-11.919843,-16.35358,-11.368458,-16.343021,-0.45859897,0.03501583,4.5068173,-2.2666728,0.96437633,1.5962496,-0.07181515,-0.50447315,-3.5451458,2.7316525,-3.0134654,-0.3177287,0.23743537,2.7173762,-1.2284096,-0.7385304,-0.4002221,0.6050268,-2.956199,-4.6521063,-5.867788,-8.194963,-11.390808,-10.326507,-15.864935,-15.165752,-15.102148,-15.194713,-16.26146
11,-8.758873,-16.443542,-9.609686,-16.458881,0.7531937,1.0710942,3.0591133,-2.2995908,-0.37403512,2.4742155,2.9299247,-2.126731,-3.7740057,0.09954662,-1.9681703,3.4865983,2.8569562,0.07045979,-3.1370895,-2.7623513,-0.7562665,0.16719559,-1.2145134,-2.6456358,-3.5875137,-7.6392994,-9.286239,-7.8408613,-14.290051,-14.65939,-14.218626,-14.926281,-16.47025
12,-12.88571,-19.474499,-13.130925,-19.449385,5.868434,-1.3901019,-3.6107717,2.5275462,-1.9160464,-4.129614,-3.0762684,-0.07302825,2.790711,-4.099185,-3.7181332,-4.265946,-1.5934827,-2.1875703,2.7164347,-0.038833193,2.880361,-1.6948186,0.5218725,-1.3679383,-5.660485,-15.74388,-14.541616,-15.613848,-15.024722,-16.097433,-15.916985,-15.907158,-19.46171
13,-14.349875,-21.187658,-14.745848,-21.184107,0.7803258,0.305639,-1.4087226,3.123865,-0.087796256,-1.7524302,-1.141076,1.5259019,1.0244057,-2.205227,-0.29270646,-0.9238726,-0.7787151,-0.4319891,-0.44673663,-1.5050908,-0.58625525,-1.2885108,-3.3447783,-1.035135,-8.912755,-15.349219,-14.476205,-14.619665,-15.200334,-16.139208,-15.754881,-15.857528,-21.165644
14,-9.089947,-13.804782,-9.22674,-13.803671,6.506946,2.2225895,1.4114921,2.097134,-1.4999033,-4.1342754,-3.6983144,-2.2822049,2.2993994,-5.3452573,-1.4047714,-4.5374107,-5.3924847,-6.66498,3.8547413,-2.9558082,1.1122992,-7.3088417,-1.7559067,-2.0758204,-4.3529735,-11.583084,-9.097119,-11.710403,-15.097101,-14.682727,-15.206427,-15.130683,-13.838065
15,-14.280476,-20.65747,-13.870613,-20.609486,0.31714764,0.65958047,0.46397555,0.70607543,1.7418194,0.23110776,-0.17723536,1.1491706,0.098203786,0.08135388,-0.27153665,-0.18885355,-0.17263609,0.21761535,-0.7436494,-0.7979391,-0.6785028,-1.1053325,-2.8920867,-4.7711787,-7.802845,-12.763639,-13.564061,-13.084736,-15.415383,-15.72921,-15.575396,-15.5910635,-20.609371
16,-13.684613,-17.761436,-13.66719,-17.79394,0.95526564,-0.026663303,-0.32485667,0.42867115,0.7617193,-0.375642,0.55507386,0.26063067,0.58353096,-0.33457157,0.8123386,-0.069969356,-0.36615178,-0.32271048,-0.046795383,-0.04508343,-0.85724086,-0.24357434,-2.2948167,-0.68157136,-8.758388,-13.965688,-14.3165245,-14.177706,-15.402163,-15.994632,-15.931014,-16.002443,-17.765858
17,-13.813741,-21.43623,-13.39997,-21.448896,-1.2431082,0.23392193,-0.46685085,-0.047421634,1.0046017,0.43027198,2.3329535,0.88476884,-1.3739647,-1.0212735,-0.80795217,4.3910913,1.5714048,2.396561,-3.5675611,-2.5542774,-1.7036587,0.91306156,-3.6019688,-4.7590055,-7.474307,-12.089397,-13.175671,-11.992544,-15.707692,-15.433849,-15.782539,-15.154564,-21.389341
18,-14.218615,-20.61025,-13.930985,-20.614037,3.1250124,-0.17369427,-1.1267014,2.0985398,0.22428533,-0.053189836,-1.0732139,0.0067784498,1.9963293,-2.2473345,-2.7009342,-0.961798,0.53609455,-2.1690235,0.5258667,-0.704912,0.67420626,-0.753323,-1.1785724,-2.7415297,-7.218976,-13.584355,-14.228063,-12.783974,-15.227718,-15.805715,-15.511656,-16.133377,-20.598263
19,-10.066622,-18.26976,-10.162449,-18.28016,3.4086995,1.2085041,-1.5296367,6.4116445,-2.3525045,-2.5422206,-3.712244,0.3549888,5.8732777,-4.0185084,-3.173528,-3.658406,-3.5624661,-4.095991,-0.41182166,-2.2035618,2.0861168,-5.2596507,-4.9505143,-0.91407555,-4.587056,-12.373745,-12.888939,-12.101046,-14.330022,-15.432549,-15.014569,-14.350073,-18.268177
20,-11.363235,-17.256824,-10.683382,-17.274942,0.5240281,2.5499737,2.118269,-0.13848823,2.2853446,0.21316713,1.9640098,0.8506852,-2.4300756,1.0893961,2.9428897,-0.2743038,0.14280687,-0.036825065,-2.4074333,-2.5863278,-3.2124524,0.67342234,-3.1728985,-4.504014,-5.026679,-9.230375,-10.993089,-10.405601,-15.433536,-15.506773,-15.268024,-15.759133,-17.208065
21,-9.517868,-10.118435,-7.695681,-10.0858345,-1.0743567,0.45682278,0.58996063,-0.60675764,-1.7687365,10.44934,-2.198569,-1.3514509,-2.3928504,0.54574704,-3.0085914,0.6424035,2.287189,-2.7454414,-3.6531844,-3.4901443,-1.807974,-2.9339235,-4.3152423,-5.458094,-1.7201223,-7.4400496,-7.769503,-5.3149858,-13.7828665,-12.393793,-13.0172615,-13.187097,-10.0289545
22,-9.400396,-8.765166,-10.007465,-8.790607,-3.0392373,-0.11516285,0.5214868,0.18147852,-2.0045173,1.0940226,-4.0209975,-2.7588656,-2.1752505,10.466273,-3.496881,-3.2896726,-3.6955352,1.2704438,-2.880229,0.33383846,-5.4092264,-0.49075118,-5.752357,-3.1168942,-2.8772352,-5.2423363,-7.6706905,-8.507947,-15.778071,-13.94127,-13.83698,-14.231703,-8.754368
23,-9.5212755,-7.9591603,-8.162285,-8.031864,-3.5784197,0.11470752,0.53754395,0.25442234,-1.7385094,1.1203104,-3.2578409,-3.2362888,-2.9200222,11.034318,-3.7242136,-3.2738032,-4.7407928,-0.13930374,-2.3644295,0.87089866,-6.3034005,-0.4939806,-4.011526,-1.0015104,-0.32810476,-4.7043085,-5.0024743,-8.0610285,-16.343117,-13.803715,-14.324581,-14.229743,-7.897484
24,-13.753349,-16.11372,-15.968387,-16.111584,0.053011097,1.0455662,-0.27709845,-0.8204056,0.80166066,-1.1613579,0.11858959,0.24088791,-0.69556487,-1.7255076,5.7100105,0.40269887,-0.4863003,0.73344857,-2.256807,-3.620577,-2.0389729,-2.443421,-5.933374,-7.8189983,-8.532376,-12.851667,-14.853865,-12.341826,-14.819644,-14.542788,-15.680317,-16.033318,-16.122448
25,-12.952105,-18.964428,-13.093124,-18.957022,1.0259931,1.1497588,-0.04744617,0.03803152,0.24682626,0.49647135,1.0851016,-0.23677805,-0.5083536,-0.7975439,-1.307192,0.35038406,0.25117263,-0.6125415,-1.1788297,-1.4008863,-0.3007012,-0.7161122,-1.7378188,2.6721601,-7.975984,-13.293369,-11.634704,-13.728558,-15.343239,-15.52625,-16.024588,-15.906238,-18.979633
26,-12.44007,-16.187298,-12.650964,-16.179346,-0.100995824,-0.4735465,-0.27292338,-0.30835283,0.18289173,-0.8867138,-0.46134102,-0.82188666,-0.8013201,-1.0057105,-0.24867105,-1.1645306,-1.4473994,-1.274581,-0.28928357,0.1572519,-1.5794982,-1.4415454,-1.0784141,7.745262,-6.530727,-13.226821,-9.225974,-14.493214,-14.738511,-15.353509,-16.21803,-15.906518,-16.24201
27,-11.802656,-14.676888,-12.957817,-14.653234,-0.38520452,-0.70425224,0.2870563,-0.64415073,-0.028921582,-1.2025917,0.2062035,-1.1263396,-1.0188252,-1.3901488,-0.83784807,-1.1426002,-1.7907763,-1.5127524,-0.17264856,0.4052537,-1.4863453,-1.6994326,-0.06482163,8.195227,-6.5055037,-13.540979,-7.8977222,-14.617794,-14.348464,-15.011467,-15.970251,-15.5086565,-14.727536
28,-12.358085,-19.510632,-11.82263,-19.4996,0.47593006,-0.27640882,-0.31612754,-0.2857979,1.1996722,1.473709,-0.06926928,1.4939375,-0.51114595,1.5102661,-0.91147876,0.2583046,0.7005951,0.36597785,-1.2944548,-0.7496114,-0.5471377,-0.333941,-2.9027095,-4.3304496,-7.668316,-10.849199,-12.594974,-11.544517,-15.667357,-15.600466,-15.767595,-15.417287,-19.46249
29,-13.489147,-18.2483,-13.943645,-18.248714,0.56847745,0.33366793,0.4749499,-0.14486438,0.9013802,0.5739714,0.19913903,0.19219722,-0.8590141,0.38337874,0.45559025,0.09572286,0.10909109,-0.40696886,-0.62146443,-1.006335,-0.9530298,-0.66221386,-1.3962735,-0.22287047,-8.586947,-13.927661,-13.247431,-14.282264,-15.708206,-15.87211,-15.887316,-16.212069,-18.259508
30,-8.590046,-9.408777,-8.102687,-9.424892,-3.6952553,1.2574868,9.755966,-1.721685,1.2497282,-0.11313516,-0.17191145,-2.1791472,-5.0914917,0.98690546,-6.1784616,-2.029876,-2.2714345,-0.8629544,-4.1124005,-4.765596,-3.8875809,-2.9639835,-2.6939228,-0.5474571,-3.9830806,-8.592935,-7.9521055,-9.962306,-14.834145,-14.28145,-14.761709,-14.458721,-9.455029
31,-13.132063,-21.159657,-13.12419,-21.182713,0.51599467,1.1487514,-0.113760605,0.9485259,1.8238126,-0.05248654,0.89004654,0.6174115,-0.61559874,-1.3220644,-4.845204,0.13779907,0.22671898,-0.36559215,0.10060461,-0.9986252,-0.64058435,0.7648161,-0.54690135,-1.9066191,-6.765212,-13.01756,-13.961794,-13.038361,-15.530481,-15.962733,-16.057217,-15.931615,-21.131184
32,-11.970217,-18.314486,-11.88902,-18.306879,0.08789216,1.0730921,1.9047465,1.2502522,0.9620132,-0.453602,-0.26971814,0.50479317,0.025352065,-0.57164836,-0.35363063,0.009157963,-0.10116764,0.75483674,-1.496299,-1.0752397,0.0523822,-0.7911194,-4.0118895,-1.3723983,-7.8949037,-12.73173,-11.938061,-13.099403,-15.562843,-15.673792,-15.5749445,-15.764477,-18.303267
33,-12.987512,-17.422396,-13.35744,-17.423832,-0.16530742,-0.44904405,0.32663566,-0.68018013,1.4789896,-0.41815805,0.63293886,0.27159962,-1.3513039,0.40362242,1.0231984,-0.0152951265,-0.1588617,0.07084793,-0.74189794,-0.6788383,-1.6299561,-0.42196813,-1.0151646,1.7605824,-8.345696,-13.922488,-12.604503,-14.40114,-15.853535,-15.861283,-16.095379,-16.358795,-17.431519
34,-14.168129,-18.349688,-13.42031,-18.36441,0.3899767,0.8058474,0.80983835,-0.22167711,1.0974468,1.2734084,-0.65027016,0.418482,-1.131319,1.5879061,1.4594905,-0.61102104,0.4177917,0.45495713,-1.6216577,-1.5909861,-0.7533207,-0.61642414,-3.972869,-1.7584703,-7.651793,-12.869565,-13.79827,-13.575666,-15.248191,-15.7459345,-15.588016,-15.675289,-18.338968
35,-7.381789,-9.06406,-8.355862,-8.956837,-0.6930429,-1.4462093,0.17171077,-2.0128343,-0.41070408,-2.923583,8.329647,-1.3128128,-2.7223375,-4.087608,0.2497913,0.3875561,0.12972736,-2.4093392,-3.543424,-2.9411926,-1.6831781,0.4056827,-0.9060404,-4.32065,-5.231411,-11.559292,-9.11656,-10.735288,-14.953738,-13.308549,-13.784336,-13.986742,-9.086083
36,-9.517868,-10.118435,-7.695681,-10.0858345,-1.0743567,0.45682278,0.58996063,-0.60675764,-1.7687365,10.44934,-2.198569,-1.3514509,-2.3928504,0.54574704,-3.0085914,0.6424035,2.287189,-2.7454414,-3.6531844,-3.4901443,-1.807974,-2.9339235,-4.3152423,-5.458094,-1.7201223,-7.4400496,-7.769503,-5.3149858,-13.7828665,-12.393793,-13.0172615,-13.187097,-10.0289545
37,-12.161292,-17.892618,-11.329895,-17.899387,-0.49077666,0.06235902,-0.9377191,1.2621409,-0.2558321,3.9243836,-2.7099395,2.4600365,1.9487795,2.8496327,-1.246766,-2.9999247,-1.6581472,-1.0103701,-3.3536248,-3.9127526,-0.5978438,-2.990831,-5.8913393,-3.2835977,-4.693988,-10.100784,-10.540213,-10.436633,-15.162705,-15.196134,-14.201372,-14.3739805,-17.852581
38,-12.589122,-21.438093,-13.9965315,-21.464687,2.8089943,-0.21941121,-2.094904,4.940367,-1.584356,-2.6681647,-1.2866769,-0.7332106,3.4787848,-3.5596137,-2.3786616,-2.2030466,-1.6362249,-3.4403455,0.08377154,-1.2635877,1.1913031,-2.2835932,-2.8924713,-2.150084,-6.749365,-15.848275,-14.86163,-14.640799,-15.212946,-16.722122,-15.577939,-16.513315,-21.434233
39,-10.833757,-12.781191,-11.295416,-12.7886095,0.9490521,-1.2556958,-2.082982,-1.7098178,-0.971123,-3.943869,6.986163,-1.7522297,-1.808567,-4.4764504,-0.9731278,6.2262483,0.10849898,-0.4497308,-2.0477557,-1.5621394,-0.2489635,-0.29798165,-1.1200954,-1.3735328,-5.682684,-12.170198,-11.317156,-11.35198,-15.627346,-15.540286,-16.057573,-15.338055,-12.702544
40,-12.901326,-17.584133,-12.567167,-17.608208,1.0953206,1.0870641,0.64407533,0.19117978,0.932185,0.88430405,0.41735926,0.46281725,-1.0830002,-0.3598799,1.3874285,-0.21795367,0.26965123,-1.2035271,-0.2510138,-1.403641,-0.9556104,-1.1695787,-1.1917592,-1.3613565,-7.105084,-13.356309,-13.486802,-13.398844,-15.549539,-15.94072,-15.80444,-15.975012,-17.621153
41,-13.939472,-18.961536,-14.107122,-18.981667,0.84480673,0.37182835,0.3136719,0.1956158,0.966869,-0.6935401,0.15607543,0.6404625,-0.3997226,-0.58620083,0.5893672,-0.71767664,-0.33763933,-0.5055757,-0.06044586,-0.085383534,-0.6779854,-0.5668908,-2.1456215,-1.5151583,-8.38833,-14.701537,-14.462791,-14.861137,-15.747804,-16.362076,-16.053295,-16.41176,-18.964714
42,-10.684883,-19.412363,-13.330519,-19.426918,4.138267,-0.24781889,-3.5558765,5.256654,-1.0540649,-3.3128808,-5.0618877,2.4197624,4.897331,-5.501136,-3.931582,-4.8628607,-1.923275,-2.6975133,0.3538388,-2.9802883,4.707705,-4.9557314,-6.3810134,-1.3798248,-7.9447412,-14.788458,-14.09974,-14.35247,-14.913685,-15.92943,-16.043242,-14.662501,-19.465036
43,-15.514046,-17.625628,-14.971665,-17.611458,1.6427312,0.797221,-1.8713356,3.177426,-0.12518314,0.6323942,-0.5524102,1.2799307,0.82862395,-1.4547031,0.7183902,-1.5775822,-0.7942208,-2.2980454,0.5923029,-0.7421859,-1.1181768,-1.146574,-1.7520427,-2.5417585,-8.111347,-13.604822,-13.66444,-13.654455,-15.227126,-15.7039385,-15.792168,-16.095142,-17.66875
44,-10.933264,-18.202187,-11.722246,-18.151363,0.7860121,-0.77277005,-1.2470326,0.20039913,-1.8781145,-2.5105453,6.5396814,-1.0706891,-1.2665366,-4.510772,0.056771733,1.078676,1.2449979,-2.157847,-2.5798411,-2.2866786,-0.11824383,0.8615851,-1.0499096,1.1804706,-2.975361,-12.248077,-11.548627,-11.53344,-15.463236,-14.87419,-15.209065,-15.3723755,-18.124203
45,-13.034955,-18.987701,-12.846094,-18.980274,-0.5681151,0.50896406,0.1781771,0.2220774,1.0916632,1.5525361,0.24401936,0.73409396,-0.70665276,0.65410453,-1.3756487,1.1404638,0.98121333,0.5020881,-1.6832908,-1.6071227,-1.5911558,-0.5758959,-4.965907,-5.2230897,-7.4041667,-10.4669895,-11.906381,-10.973408,-15.817195,-15.338887,-15.339494,-15.25371,-18.898417
46,-12.987512,-17.422396,-13.35744,-17.423832,-0.16530742,-0.44904405,0.32663566,-0.68018013,1.4789896,-0.41815805,0.63293886,0.27159962,-1.3513039,0.40362242,1.0231984,-0.0152951265,-0.1588617,0.07084793,-0.74189794,-0.6788383,-1.6299561,-0.42196813,-1.0151646,1.7605824,-8.345696,-13.922488,-12.604503,-14.40114,-15.853535,-15.861283,-16.095379,-16.358795,-17.431519
47,-12.331306,-16.748299,-13.847036,-16.750027,1.595406,-0.2641833,-2.2464664,0.26039135,1.0684582,-1.481075,0.6180171,0.16403657,-1.6835984,-3.0388763,2.8879976,1.0122263,0.11557455,-1.3252089,-0.22872038,-1.8070903,-2.1769657,1.5265762,-3.3403864,-2.7004745,-6.2744164,-11.336865,-13.118734,-11.405481,-14.968395,-14.893134,-15.578121,-15.161913,-16.791506
48,-12.824086,-14.815992,-12.503479,-14.763888,6.4953213,-2.9098432,-6.019719,1.7127831,-2.611667,-1.2230883,-2.474411,-2.3093507,3.7898889,-5.2083325,-4.1816535,-2.9726567,-0.71407866,-3.1598768,3.9279501,3.8144255,1.8592662,1.4481648,-1.1637115,-1.5930107,-3.5600865,-13.642637,-14.871209,-12.720236,-14.010617,-16.3293,-15.09693,-16.383114,-14.856564
49,-12.2232485,-19.923382,-11.699245,-19.905005,-1.2461249,0.22429277,-1.128713,-0.11640848,1.3296278,4.071401,0.9300681,2.1061516,-1.0420157,0.964052,-6.06396,2.4107578,2.4844985,2.5306768,-4.032579,-3.4851952,-0.42050064,-1.0202789,-4.8558583,-4.448299,-4.9007726,-9.387586,-10.927614,-9.175781,-15.475199,-14.748009,-15.238746,-14.977429,-19.891386
50,-13.090052,-18.790567,-12.3037615,-18.743555,-0.46625733,2.4925995,2.9206035,0.071458824,1.9155476,2.3663561,0.4215426,0.7525648,-2.8151596,2.1536114,1.8005366,-1.2527661,0.67513216,-0.4583679,-2.5404594,-2.7275007,-1.8451918,-0.8268364,-2.1056075,-5.3215585,-5.0860944,-11.189113,-12.118328,-12.116079,-15.672081,-15.557224,-15.59952,-15.446773,-18.797329
51,-13.267297,-17.978844,-13.862018,-17.954885,0.5197927,1.2293059,-1.2573745,2.510755,0.52815855,1.5222868,-2.1983309,1.1285543,1.1160556,0.86488616,0.8558829,-0.64464206,-0.7830355,-0.81827474,-1.252438,-1.9248041,-1.7889547,-1.1293777,-4.3890567,-6.0706964,-6.7113037,-9.8846,-12.514809,-10.62733,-15.073605,-14.840822,-15.160213,-14.786247,-17.911076
52,-13.875857,-17.3523,-10.399608,-17.265556,-2.1141815,1.1180776,1.9621592,-0.697625,-0.7674846,6.6137137,-2.5128102,-1.3870491,-3.615112,6.7288547,-2.4482174,-0.8536629,0.2422367,1.0197572,-4.9008574,-2.1998239,-2.9349427,-0.102344975,-5.4970946,-3.499964,-3.8011165,-8.43165,-10.882565,-9.422843,-15.037615,-14.150711,-15.000528,-14.503582,-17.281857
53,-8.3624,-12.950861,-7.562526,-12.953335,-3.3580358,6.1224823,4.5273247,-1.3647833,6.967786,-5.0727177,-3.824108,4.3056874,-2.065191,-2.9741712,-6.897404,-5.001969,-6.108798,-2.7194219,-1.3913872,-3.4257169,-3.0369797,-5.1175632,-2.7559173,3.4981103,-6.9727955,-13.040913,-11.811811,-12.346446,-13.858167,-14.192139,-14.269137,-13.771147,-12.956508
54,-11.122655,-19.673246,-14.141214,-19.644646,2.767143,0.15291144,-4.1234145,2.3546844,-0.4599629,-2.2893684,-1.4284523,2.0067077,2.323831,-1.8646289,-2.974574,-1.1255531,-1.5022352,-0.3531927,0.800766,-0.16761607,1.0667657,-0.63981783,-3.366521,-1.6513499,-7.0658803,-12.820183,-14.725793,-13.635981,-15.46296,-15.787379,-15.216054,-15.90394,-19.700552
55,-10.580579,-12.710092,-8.516567,-12.694754,-3.5662503,-0.31475696,1.7343774,-2.04717,1.2663903,4.375622,-2.5566926,-0.8730152,-3.7970767,8.7390375,-2.242437,-1.4759057,-0.88082564,2.3999655,-3.4636896,-1.2892166,-4.2511673,0.03442636,-3.7219625,-1.7343705,-1.4523759,-4.2403574,-7.05587,-7.7395477,-15.28545,-14.21118,-14.952732,-14.775086,-12.702947
56,-13.425391,-23.04879,-14.822734,-23.075253,-1.8745254,3.398935,3.1908982,-0.6841215,2.360063,-0.19275956,-2.9956737,2.0908523,-2.5328374,1.2832879,-6.9772468,-2.337312,-0.628805,0.1497203,-1.5037785,-1.6098224,-0.7182591,0.4622118,-3.1373775,-0.040568404,-9.582101,-15.236912,-15.0010195,-14.293463,-15.069667,-15.898131,-16.236559,-16.171404,-22.957682
57,-13.399533,-21.949673,-13.389889,-21.912096,-0.6747153,1.2084801,1.1432781,-0.42244264,3.615118,-0.7650272,-0.22910272,2.8337882,-1.9792838,-0.21140689,-2.1990573,-0.2613985,-0.14617196,0.8534345,-2.7397861,-3.6956508,-1.4296043,-1.3060173,-5.4950485,-0.38481495,-8.385537,-12.205341,-12.374428,-12.724723,-15.150665,-15.8822975,-16.070702,-15.8325815,-21.872873
58,-13.425391,-23.04879,-14.822734,-23.075253,-1.8745254,3.398935,3.1908982,-0.6841215,2.360063,-0.19275956,-2.9956737,2.0908523,-2.5328374,1.2832879,-6.9772468,-2.337312,-0.628805,0.1497203,-1.5037785,-1.6098224,-0.7182591,0.4622118,-3.1373775,-0.040568404,-9.582101,-15.236912,-15.0010195,-14.293463,-15.069667,-15.898131,-16.236559,-16.171404,-22.957682
59,-14.251316,-19.481895,-13.978045,-19.500345,1.0541886,1.037381,0.75353026,0.75107723,0.70943993,-0.29240602,1.0142274,0.07392784,-0.22134838,-0.40709916,0.21810366,-0.2731896,-0.12095867,-0.808626,-0.5423619,-1.054607,-1.0602605,-0.66313773,-1.136728,-2.3394053,-8.811321,-14.273707,-13.902124,-14.267614,-15.599099,-15.904065,-15.916118,-15.988061,-19.483046
60,-8.39276,-8.925619,-7.871845,-8.951954,-3.7713206,0.076499246,1.2710587,-0.1426343,-0.3181311,0.7111603,-3.009056,-2.9438066,-2.6982038,10.299247,-3.5253637,-2.5636802,-4.6598887,0.54348403,-1.2758019,1.564073,-7.085046,-0.27448428,-4.506433,-1.8029753,-2.5223331,-5.0697594,-5.1712537,-8.483597,-15.89735,-14.09475,-14.086003,-14.305486,-8.794055
61,-12.036516,-17.351252,-11.13939,-17.349474,0.12504953,1.4106462,5.849672,-2.0954795,1.1395695,-0.20058532,0.38902184,-0.56046796,-4.7008934,-1.0682666,-0.051110934,-1.4073399,0.20642751,-0.5086399,-2.086158,-2.518009,-1.5543821,-0.017969077,-1.0809556,-1.9763656,-5.814914,-11.614366,-10.629623,-11.945267,-15.862525,-15.434284,-15.4449,-15.342266,-17.352383
62,-14.386963,-18.85426,-14.372293,-18.856522,0.5985464,0.52876216,0.4169103,0.85444444,0.5729356,0.76352453,0.5791163,0.3033705,-0.010529441,0.22106813,0.978768,0.5064193,0.14782602,-0.57101154,-0.87799174,-0.93245053,-1.0118074,-0.8275479,-2.2312114,-4.4461193,-8.474765,-13.081042,-13.621249,-13.215165,-15.333747,-15.717919,-15.556819,-15.6345825,-18.858055
63,-9.76577,-14.630872,-13.623353,-14.552971,7.526215,-0.00820661,-1.7758292,5.8993077,-3.8889055,-2.7697628,-3.5306435,-2.0060089,5.3435516,-3.882951,-3.7862957,-3.2645192,-2.6378365,-3.6117122,1.5291446,-4.470799,1.9056178,-4.6628256,-4.6843357,-0.9138911,-4.924995,-11.312222,-12.00802,-11.172884,-12.825275,-14.763979,-13.594845,-14.045408,-14.52144
64,-13.344977,-18.486185,-13.386688,-18.489365,0.63813823,0.6760712,0.6551683,0.53697,0.5333705,-0.809891,-0.17029452,0.6268234,0.3601655,-0.95431024,0.08638864,-0.25012654,-0.7629505,-0.26750344,-0.6768343,-0.4981799,-1.0562688,-1.591096,-0.7888864,-2.3102534,-8.258427,-13.63188,-14.46842,-14.005287,-15.766684,-16.270058,-16.006645,-15.806699,-18.486353
65,-13.214489,-18.185232,-12.647387,-18.166237,0.9249457,1.5527406,1.3458241,0.14068899,1.5066102,-0.743536,1.0354127,1.0672884,-0.9541747,-0.59452635,1.7259599,-1.6723928,-0.36331266,-1.5705832,-0.88538176,-2.5365264,-0.9555758,-0.36383337,-0.6522689,-0.2066063,-8.139609,-13.201168,-13.760586,-13.356554,-15.859637,-16.020683,-16.010096,-15.842907,-18.21574
66,-6.394699,-8.260034,-7.8264856,-8.255293,-1.1862698,-3.152256,-1.4716347,-2.4845657,-1.26586,-2.4645057,10.44198,-1.4271871,-2.7705405,-4.954966,-0.21527125,1.8999299,1.6167216,-2.4896345,-3.2890203,-1.9115428,-2.9124541,2.3103352,-1.2013512,-0.19907501,-1.7288842,-9.751781,-8.638274,-8.669076,-15.022252,-13.456821,-14.7198515,-13.599953,-8.235237
67,-10.214436,-14.623303,-8.49243,-14.5838785,-1.0193105,-0.15746701,-0.897911,-0.50747293,-1.6302438,4.770251,-2.172206,-2.1329443,-1.5209624,4.911856,-6.614873,-0.30306083,0.5936787,2.5318427,-2.2302742,0.2008807,-1.4292715,0.26446578,-5.0734844,-3.859255,-4.2029014,-5.598011,-8.575312,-7.597233,-14.929688,-14.37048,-15.057931,-14.530132,-14.583607
68,-12.020329,-14.454331,-11.800749,-14.43839,-0.32579422,-0.867309,-0.30538324,-0.5921534,0.17657028,-1.231653,0.47409832,-1.2657549,-1.1254417,-1.3794467,-0.43755025,-1.0152185,-1.6062424,-1.3655248,0.34651157,0.9233934,-1.9342744,-1.1889015,0.24299812,7.8904037,-5.942471,-12.634006,-7.862497,-13.921153,-14.605493,-15.016968,-16.069595,-15.655817,-14.491567
69,-13.523959,-20.222145,-13.721624,-20.248468,0.69867384,1.2207566,0.13439038,-0.3622311,1.8536878,-0.42925423,0.35512343,0.5898671,-1.084998,-1.1920993,3.0110452,-0.6459816,1.5372236,-0.24939464,-0.9153753,-1.8533193,-1.532719,0.18319502,-3.6015594,-4.3007007,-7.9364543,-12.535634,-13.001422,-11.716682,-15.008175,-15.309364,-15.474523,-15.7476845,-20.192717
70,-12.906947,-19.353094,-13.194888,-19.339308,-0.06540029,0.30061978,-2.1504774,0.9269774,1.7610115,1.4048609,0.43300775,2.3162508,0.40578726,-0.07023014,-2.0564892,0.5816901,0.30596045,0.9957776,-0.71655846,-2.2006564,-0.2408736,-0.4991982,-3.2835867,-4.4998293,-7.782972,-10.492536,-13.029203,-10.70501,-15.568835,-15.466839,-15.390969,-15.190998,-19.29027
71,-13.223522,-22.185852,-12.438747,-22.12388,0.099596485,1.7280225,2.1094894,-1.1293447,2.2228777,-1.7435445,3.3583908,0.36730084,-2.2472749,-1.3688922,-0.35213742,-0.1640459,0.92160803,0.19838756,-3.1170433,-2.083261,-2.4787369,1.1698521,-0.9235713,-0.5611713,-7.966329,-15.166648,-14.29443,-13.551996,-16.500711,-16.181656,-16.606756,-16.281097,-22.121855
72,-12.129188,-20.38048,-12.177285,-20.37971,-2.7647338,1.2798963,3.3450897,-1.9151813,4.023143,0.6878346,-0.20008762,0.15854515,-2.9184864,0.09720117,-1.0855654,-1.6359488,-0.38843265,2.0193176,-3.3017588,-2.4205227,-2.7757542,-0.7181134,-4.3037634,-0.88171667,-5.391257,-11.974293,-10.863627,-12.280566,-15.692886,-15.259693,-15.45703,-15.2555685,-20.349615
73,-8.6348715,-7.6258454,-7.537717,-7.6504984,-3.5055606,-1.4604356,0.00828412,-1.8531231,-2.6943278,1.5262837,-3.4425232,-3.5360167,-3.9674425,11.038471,-4.590638,-2.952727,-4.227526,2.266614,-3.073827,0.56406957,-5.279832,-0.87323356,-3.8536928,-2.9279218,-2.4169044,-5.9096394,-7.7877207,-8.282718,-15.461382,-14.545912,-14.138642,-14.5651865,-7.616187
74,-13.266049,-19.281685,-12.213067,-19.302702,-0.62351364,3.9746323,-1.0859084,0.7205579,3.2835195,-0.3907698,0.8821855,0.70664644,-1.4591398,-2.4258842,4.916178,0.22349368,1.0625485,-2.5999675,-2.236776,-3.806619,-1.641643,-1.852444,-5.458862,-3.2740107,-6.0930495,-12.261365,-11.983465,-11.060145,-14.970187,-15.054377,-14.964701,-15.987114,-19.213713
75,-10.214436,-14.623303,-8.49243,-14.5838785,-1.0193105,-0.15746701,-0.897911,-0.50747293,-1.6302438,4.770251,-2.172206,-2.1329443,-1.5209624,4.911856,-6.614873,-0.30306083,0.5936787,2.5318427,-2.2302742,0.2008807,-1.4292715,0.26446578,-5.0734844,-3.859255,-4.2029014,-5.598011,-8.575312,-7.597233,-14.929688,-14.37048,-15.057931,-14.530132,-14.583607
76,-7.381789,-9.06406,-8.355862,-8.956837,-0.6930429,-1.4462093,0.17171077,-2.0128343,-0.41070408,-2.923583,8.329647,-1.3128128,-2.7223375,-4.087608,0.2497913,0.3875561,0.12972736,-2.4093392,-3.543424,-2.9411926,-1.6831781,0.4056827,-0.9060404,-4.32065,-5.231411,-11.559292,-9.11656,-10.735288,-14.953738,-13.308549,-13.784336,-13.986742,-9.086083
77,-12.348214,-20.769344,-11.380855,-20.681211,1.7365699,3.125591,-1.3223108,6.4694843,1.6329167,-2.9757445,-3.459545,0.3633074,2.3516815,-4.018336,-1.8988286,-3.6472375,-4.5820813,-2.9925349,-0.14841163,-4.0446854,-0.39307335,-5.544588,-4.6995025,-1.9267559,-4.0929046,-9.989364,-10.1158,-9.934228,-13.921907,-14.024348,-13.970592,-14.113186,-20.676962
78,-12.995643,-19.879923,-12.226522,-19.827421,0.4641788,2.5569704,-2.3376687,1.6384053,3.1428492,0.76545614,1.2340143,2.6111412,-1.0480963,-0.7122374,-0.54629576,-0.6078529,1.1645072,-1.0573242,-1.1508789,-2.5673218,-1.1376084,-0.09493028,-2.7223318,-1.9568145,-5.235461,-11.18197,-12.242564,-11.399103,-15.731956,-15.222258,-15.429346,-15.480105,-19.812246
79,-12.913722,-16.51313,-13.291418,-16.486,0.28084671,0.39004442,0.32854894,0.041835085,0.597093,0.075146884,0.39570704,-0.27317923,-1.2562811,-0.26815692,0.30808872,-0.40603766,-0.29505458,-0.8500313,-1.1461861,-1.7103728,-1.6517105,-1.013916,-1.8863164,5.3919144,-7.7839503,-13.109708,-10.6044445,-13.954443,-15.034932,-15.172781,-15.910955,-15.864113,-16.549152
80,-12.754105,-17.942316,-11.9798565,-17.983833,-0.016155839,1.2357168,1.610425,-0.8118388,1.485775,1.2801757,1.8533446,0.25983357,-2.6297932,0.64281327,1.9393756,0.71563816,1.1528325,-0.12879916,-1.2349774,-1.2593982,-1.983942,0.16270742,-2.0425138,-1.7850485,-6.536923,-11.372427,-11.976194,-11.929689,-15.462013,-15.717863,-15.532715,-15.748919,-17.928263
81,-12.035166,-14.809411,-11.344398,-14.774625,0.35631803,1.1167172,-2.0369606,4.466782,0.22937734,3.9854665,-1.609881,1.2835599,2.6357014,2.9212687,-7.7587085,-0.5043041,0.9880306,-1.4662262,-1.0147504,-0.8609456,-0.3007407,-3.1436808,-4.173149,-3.1407669,-8.313064,-10.968214,-12.166092,-10.716469,-14.171675,-15.279349,-13.976746,-15.14636,-14.683388
82,-7.0874615,-6.7060704,-5.6658583,-6.657025,-3.678725,-1.269909,-2.3425555,-0.6101625,2.0851617,-4.1923275,-1.4067179,-1.2592944,-1.6081189,0.54049456,-4.0328345,-0.98561996,-1.8210891,12.101173,-2.4864771,-1.1341702,-3.466779,-0.71379286,-2.3091805,-0.46264845,-2.7465029,-6.002526,-6.4642577,-9.022885,-14.939505,-14.602581,-14.450953,-13.479892,-6.7145543
83,-12.791779,-18.538237,-12.462223,-18.539328,3.830365,0.6668121,0.10278574,1.6155264,0.08537564,-0.35897276,-0.47104508,-0.3546415,0.813135,-1.3468177,0.36040422,-1.6594465,0.5334079,-2.1950004,0.5648264,-1.8086991,0.38218838,-1.699558,0.45795596,-5.0183687,-5.8660874,-13.717786,-13.370345,-13.696025,-15.528317,-15.722743,-15.890133,-15.587017,-18.534563
84,-12.483064,-21.990444,-14.822659,-21.955177,3.1904893,2.0862844,-2.2534409,5.91118,0.37991014,-3.7022727,-3.7686808,2.747981,3.554864,-4.738077,-1.5287493,-3.1660383,-2.5223193,-1.8787771,0.11855003,-4.6745973,2.4357636,-3.9528158,-4.533974,-2.6156967,-6.3996363,-14.982449,-14.987305,-13.797985,-14.898102,-15.522711,-15.0027,-14.414476,-21.953714
85,-12.177228,-22.000538,-13.187066,-21.915625,-0.09370868,0.91760343,-1.4792429,1.349178,2.691417,-1.63813,-2.6918018,3.813791,0.6648973,-3.2392447,0.81665003,-2.4164991,-0.565609,-0.10127293,-1.3324485,-1.5063058,-0.82113403,1.5087667,-3.6293926,-0.9620107,-8.640617,-13.344832,-13.589561,-13.093155,-15.172643,-15.716608,-15.390326,-15.850028,-22.005423
86,-12.930734,-16.121365,-13.384195,-16.109676,-0.41672623,-0.25932845,0.7649823,-0.27882242,0.08144955,0.07117971,-0.37360534,-0.33013603,-0.92776185,-0.11025899,0.44990173,-0.8257202,-0.8539914,-0.89919406,-0.7200804,-0.54621464,-1.680862,-1.2884871,-1.2019017,6.2064376,-8.018565,-14.054464,-10.506184,-14.818516,-15.039102,-15.428175,-16.056782,-16.092487,-16.164494
87,-13.208712,-18.68345,-11.733197,-18.710815,-0.8834642,2.7144892,-1.0197792,0.33266386,3.3352587,1.5883565,-0.39110786,0.55789655,-1.4601972,-0.79128146,3.6360614,-1.1629411,1.5506089,-1.4734515,-1.5983149,-2.2585316,-1.2146828,-1.6529839,-3.476346,-2.3679507,-6.434052,-10.851141,-11.238068,-10.521705,-14.951939,-15.049949,-14.500751,-16.048773,-18.607813
88,-7.3276677,-8.026315,-7.163166,-7.9735565,-1.0286798,-0.87502235,1.0592469,-3.5904024,0.24271452,-2.8505635,11.601375,-2.4152718,-2.9321947,-3.8409579,-3.2709208,4.022541,0.7668976,-1.6044283,-2.5876596,-3.9831,-0.14331803,-0.06190215,-1.017386,0.79745066,-2.876678,-9.336779,-9.523461,-8.96112,-13.9199295,-12.74757,-15.110777,-13.83467,-8.016945
89,-12.881733,-18.022686,-13.197716,-18.025206,0.77339184,0.94778234,0.8276997,-0.1434641,1.0565917,-0.9170368,1.0722489,0.46831113,-0.94476694,-1.4207033,1.0293369,-0.20870025,-0.13951547,-1.041162,-0.672483,-1.7455931,-0.10752335,-0.9693564,-0.20420809,-0.5938437,-7.534665,-13.151107,-13.940849,-13.431322,-15.915885,-16.057854,-16.042646,-15.829396,-17.99991
90,-14.829978,-19.608267,-12.712965,-19.668312,0.9337083,3.143315,-1.4032681,3.053038,1.0532157,2.1607575,0.51255214,2.327093,-0.16675854,0.18335736,-6.7966585,-1.3344257,1.8806247,-1.5912924,-1.0927012,-2.2836614,-0.43997508,-0.077760056,-3.9704158,-4.2205496,-7.9413557,-11.019716,-12.553749,-10.928846,-14.417034,-14.418244,-14.494964,-14.456056,-19.526697
91,-12.437601,-16.4879,-11.538641,-16.494986,0.6289164,-1.8663418,-1.1161473,-0.3636026,-0.85764194,-2.0994704,7.922718,-0.58470815,-0.22018924,-3.8908079,-0.43213415,1.8978553,0.6247459,-1.6649913,-1.8347502,-1.7300014,-1.009789,1.3330923,-1.027049,-2.2623544,-6.732651,-12.693081,-11.11952,-11.241188,-15.041218,-14.896369,-14.913074,-14.736645,-16.503006
92,-13.774889,-18.068455,-13.855707,-18.038223,0.61511695,0.8035701,1.1129519,0.45265034,0.9053991,0.40206817,0.392113,0.1737356,-0.5562075,0.19727744,0.6635352,-0.23966545,-0.24580166,-0.5977443,-0.3666335,-0.93597966,-1.0620822,-0.74655426,-1.4360256,-3.772868,-8.349284,-13.491867,-13.428018,-13.836192,-15.438496,-15.735228,-15.577937,-15.774842,-18.095417
93,-11.99596,-18.646435,-11.623441,-18.642355,2.304727,0.97448534,-2.6909573,6.8638926,-1.8980464,-3.383401,-2.2045586,-0.3778403,4.540965,-3.9039097,-5.064591,-2.5664752,-4.176719,-2.9373586,0.17595698,-2.3197248,1.3467627,-4.189554,-4.1863675,-0.054055974,-6.0204253,-13.372228,-10.048004,-12.9968605,-14.06158,-15.110343,-14.227291,-15.024584,-18.582869
94,-12.437601,-16.4879,-11.538641,-16.494986,0.6289164,-1.8663418,-1.1161473,-0.3636026,-0.85764194,-2.0994704,7.922718,-0.58470815,-0.22018924,-3.8908079,-0.43213415,1.8978553,0.6247459,-1.6649913,-1.8347502,-1.7300014,-1.009789,1.3330923,-1.027049,-2.2623544,-6.732651,-12.693081,-11.11952,-11.241188,-15.041218,-14.896369,-14.913074,-14.736645,-16.503006
95,-10.023539,-10.638597,-10.163204,-10.572411,-0.9847325,1.0148927,-0.5329492,1.1645964,-1.6513001,5.878627,-2.2728076,-2.519825,-0.81636894,4.1305437,-6.7329726,2.0141876,0.6454702,-3.162167,-3.139035,-2.249266,-3.013751,-2.5594826,-2.3866332,-7.9792175,-5.239968,-6.608982,-7.9076195,-5.7906175,-14.288642,-13.111429,-13.542668,-13.201726,-10.702122
96,-13.145323,-22.27854,-13.6071005,-22.308777,0.5830487,4.4990916,1.8232707,1.9741354,1.3308578,-0.061664104,-1.4085903,1.1132827,0.17785528,-1.2561914,-0.9367801,-1.3463169,-0.33276245,-1.7001241,-1.8120874,-3.1449018,-0.35775393,-3.1478994,-3.899348,-9.654045,-7.283143,-13.740395,-12.664918,-12.771633,-15.822041,-15.893038,-15.971598,-15.958819,-22.241932
97,-10.321838,-20.486462,-12.683397,-20.546875,0.99575084,0.029716248,-4.365527,3.609265,-0.14772403,-2.4666262,-1.9094663,1.480177,1.8472755,-3.73358,-4.531595,-0.76060474,-1.7878858,-1.0493122,0.4287714,0.60984,1.5857444,-0.8551514,-4.1612515,-1.7266877,-7.5897408,-13.475186,-15.551059,-12.91626,-15.492691,-15.366866,-14.482378,-16.12062,-20.499866
98,-13.854378,-18.40283,-13.409255,-18.3887,1.9234275,0.64687186,-2.2659588,1.2740835,0.21387596,0.24446487,1.0244656,0.92705584,-0.0869991,-2.7046397,1.4268157,0.6881261,0.91674155,-1.644083,0.024165465,-0.109537125,0.87003803,-0.8269693,-0.57504237,-2.8316114,-7.134365,-13.037625,-13.260597,-12.504091,-15.42642,-15.618894,-15.566052,-15.690961,-18.456518
99,-13.2916565,-16.458363,-11.2854,-16.417593,-2.379612,0.63249,2.2840416,-0.15475897,0.89908016,1.5474862,-2.4220483,-0.6040188,-1.3032767,6.9138827,-5.270789,-1.0002149,-2.3069685,4.788208,-2.7017531,-0.40292317,-2.7779183,0.83386695,-4.8493576,-3.5418322,-3.4572885,-5.0444837,-10.445234,-9.708425,-16.236588,-14.832316,-15.912653,-15.258373,-16.448986
100,-9.918509,-12.7013855,-11.024522,-12.675376,1.6096147,0.7597768,-2.0746675,0.815551,0.053385653,-3.531602,-2.3316827,0.37303102,0.026327334,-2.9552343,9.238916,-3.4824603,-1.1373329,-2.2506034,-2.6010137,-3.7443283,-0.8502989,-2.0177703,-5.3664575,-0.6083619,-5.100249,-13.419931,-13.253668,-13.40737,-14.865364,-14.716523,-15.269722,-15.738123,-12.661789
101,-8.880995,-17.33116,-7.6152644,-17.245586,-0.46249986,-0.035848103,-2.0465565,-0.51525193,0.8405565,2.213929,-1.3241541,1.3269162,-0.79058874,-1.1751795,-0.7222949,-0.14767307,7.4630766,0.22477488,-3.8318422,-3.191121,-0.15206954,0.72887915,-4.554989,-4.240944,-3.7315514,-10.222111,-9.8427925,-8.540163,-15.124421,-14.174399,-15.185442,-14.630102,-17.237345
102,-7.797638,-8.850063,-7.1500525,-8.8371935,3.6203945,-0.18347512,-2.9054298,0.4924374,-1.5027795,-3.8284204,-3.297331,-1.7544453,-1.4441708,-4.2302814,-1.9603494,-4.243279,-1.6714575,-2.8568206,9.859332,0.7737853,0.524755,-2.7096882,-1.5803572,-0.3552663,-2.5422409,-10.284234,-9.664124,-11.135359,-15.985214,-14.350122,-15.587408,-14.6447115,-8.756821
103,-13.412098,-18.41443,-13.005747,-18.426937,0.52123296,1.0142794,1.150501,0.474866,0.8067925,-0.083267085,1.0151024,-0.01324461,-0.77657664,-0.87191635,0.2557934,-0.11229165,-0.23627195,-0.9560723,-0.5064137,-1.8683581,-0.71613723,-0.9793737,-0.8115023,-0.64221305,-7.019629,-12.967633,-13.554385,-13.161648,-15.597788,-15.968279,-15.918408,-15.855655,-18.398445
104,-14.565407,-19.821178,-14.793477,-19.788332,2.610504,-0.8098024,-2.4874346,1.7674974,0.22577797,-0.5338153,-1.3302901,0.6020127,2.1946647,-0.8829444,-4.44148,-1.2987553,-0.7745394,-0.3822573,1.6622328,0.22371517,0.31389013,-0.772005,-3.1805482,-2.53804,-7.6240425,-12.681787,-13.689126,-13.305458,-15.242101,-15.713481,-15.89216,-15.878619,-19.825338
105,-13.489147,-18.2483,-13.943645,-18.248714,0.56847745,0.33366793,0.4749499,-0.14486438,0.9013802,0.5739714,0.19913903,0.19219722,-0.8590141,0.38337874,0.45559025,0.09572286,0.10909109,-0.40696886,-0.62146443,-1.006335,-0.9530298,-0.66221386,-1.3962735,-0.22287047,-8.586947,-13.927661,-13.247431,-14.282264,-15.708206,-15.87211,-15.887316,-16.212069,-18.259508
106,-11.593308,-17.567932,-11.555165,-17.529573,-0.0936223,9.035238,2.9600012,4.745894,2.0384,-2.3218265,-2.5024858,1.389738,0.15805668,-3.2520103,-2.0260174,-5.4722896,-4.7680964,-5.0612445,-3.3866866,-5.2062387,-0.82799876,-5.6664433,-5.5538116,0.86642486,-3.93306,-11.870614,-12.782272,-11.184521,-14.621808,-15.351475,-15.243128,-14.718165,-17.610369
107,-13.520728,-18.985825,-13.252514,-19.00335,0.0726302,0.72238404,0.30401245,0.10644125,1.9663134,0.82465404,1.4084882,0.761322,-1.1332082,-0.37342253,-1.1676013,0.26837382,0.80868214,-1.1394025,-0.3809635,-0.4029179,-1.9345802,0.2850864,-1.2418467,-2.1392035,-7.095971,-12.297991,-13.202991,-12.402601,-15.659631,-15.586668,-15.386806,-15.712275,-18.969782
108,-12.336972,-17.638851,-12.734053,-17.664549,1.4800156,1.1391279,0.49012977,0.020820623,0.83912534,0.7249731,0.5973941,0.3644168,-0.72788197,0.16784023,1.0872481,-0.2638889,0.113871075,-0.9019524,-0.6199407,-1.4753724,-0.9436986,-1.0186715,-1.2644911,-1.5635971,-7.0976224,-13.540828,-13.861798,-13.671637,-15.453641,-16.011627,-15.670498,-16.003864,-17.67466
109,-12.962793,-22.154308,-12.292979,-22.16121,0.08644499,0.38208565,-0.89866394,0.02436036,0.15160565,-0.9515963,0.67139614,-0.20408076,-0.81631637,-1.3853889,0.17578615,-0.29191867,-0.05985317,-0.29853964,-0.4287059,0.95969963,-0.51425433,0.02687877,-2.3817985,-2.0839567,-7.69761,-13.887594,-13.02683,-13.678203,-15.95315,-16.394571,-16.096905,-16.310637,-22.130903
110,-9.368042,-16.81565,-12.320718,-16.821941,5.789758,0.0021860488,-0.8101751,-1.2030164,-1.0166248,-1.3820323,5.19653,-2.4207163,-2.9165244,-2.5685654,-3.8000357,3.580621,1.1558256,0.41465825,-2.4246273,-1.5650579,-0.75881,0.57439864,-2.038163,-0.19090787,-5.1777325,-11.612088,-11.211462,-10.962938,-14.460889,-14.469237,-15.104946,-14.147446,-16.75356
111,-13.3195095,-17.954403,-13.417711,-17.968266,0.6474183,0.25303048,-0.31006092,0.15960126,0.72067016,-0.53041565,1.7600484,0.095792286,-0.33766067,-0.89056313,0.97564155,1.4654461,0.21793854,-0.44272918,-0.52592,-0.734986,-1.3305025,-0.087470174,-1.7247922,-1.1099,-7.2305956,-13.538404,-14.159656,-13.63331,-15.76404,-16.105734,-15.981466,-16.310806,-17.926933
112,-12.530718,-20.76221,-13.311916,-20.768057,0.5377537,1.4169005,-0.72230965,0.58561695,2.2208538,0.76814353,1.6608156,1.7247719,-1.1724406,-0.39434958,-3.8770049,0.33432758,1.7693288,-1.2265984,-1.0951679,-1.3676245,-1.0603714,1.4354877,-1.2450596,-2.6018348,-7.2750115,-12.146397,-12.956995,-12.081348,-15.861479,-14.891826,-15.585814,-15.31854,-20.723186
113,-13.168767,-18.43675,-12.822739,-18.426678,0.6029944,-0.4331276,0.37417212,0.94930184,0.47664434,-0.3246497,-1.2723211,0.00065834634,0.26052836,-0.581377,-0.8353296,-0.88819236,-0.39622694,-0.6935404,1.5996999,0.53717273,-1.075203,-0.9335202,0.97827506,-2.895388,-7.905459,-11.003154,-12.410287,-11.732653,-15.03683,-15.49339,-15.045109,-15.610677,-18.393335
114,-13.520003,-18.251373,-13.378833,-18.238815,0.45598295,0.8805098,1.0708684,0.18734095,0.8776617,1.3585447,0.5304698,0.3590811,-1.4277252,0.47969845,1.1976796,0.04552435,0.43766552,-0.5392597,-1.3390454,-1.5244788,-1.2778833,-0.86539847,-1.556738,-1.8191663,-8.018801,-12.874386,-12.6698475,-13.426086,-15.493533,-15.822583,-15.773445,-15.758592,-18.268847
115,-13.455662,-18.641373,-13.166178,-18.634884,0.269729,0.79680413,0.89550006,-0.2751573,0.9354806,0.96750134,0.48600742,0.4056573,-1.3264872,0.6471612,0.5095501,-0.2295355,0.37099215,0.47485453,-0.85841924,-0.7293817,-1.4712359,-0.26708198,-1.4761981,-0.54467034,-8.158201,-12.9133415,-12.477526,-13.629254,-15.590808,-15.910244,-15.737998,-16.099302,-18.633213
116,-14.950597,-18.855906,-14.281227,-18.828058,0.7484413,0.023968164,-1.235409,1.3724072,0.57033247,2.0201137,-1.1021135,-0.17904872,1.8880293,0.16779773,0.44951767,-0.16458972,1.2751926,0.18733115,-1.1693662,-1.4001812,-0.31067544,-0.16633962,-4.796281,-3.974728,-7.6302853,-11.056945,-12.597273,-10.730047,-15.589357,-15.705502,-15.268667,-15.624455,-18.805769
117,-13.27994,-19.864277,-12.028678,-19.873049,-0.88996446,-0.540833,-1.1334189,0.47070426,0.11099163,3.927856,0.18500784,0.5499904,-0.42832154,1.4641769,-2.0992076,0.59084326,1.6079242,0.20938267,-2.4201639,-1.5604898,-1.5581996,0.20869143,-3.6653106,-4.8656936,-6.8772907,-11.113756,-12.376106,-10.989256,-15.350244,-14.935308,-15.492937,-15.122993,-19.842981
118,-11.263782,-15.936674,-12.21552,-15.964887,-0.12884568,0.5395718,1.4264795,-0.8669661,0.18574834,-0.16467004,7.189118,0.06266208,-2.9862976,-2.0541303,-4.0206943,2.0190163,2.192864,-1.866592,-3.5547385,-2.3894143,-1.3243719,1.5907627,-0.4124257,0.22642386,-4.8320136,-12.586365,-12.030858,-11.297135,-15.330416,-14.597485,-15.055785,-15.032249,-15.885294
119,-11.752579,-17.647781,-11.654225,-17.676184,-0.59343815,-0.15941985,0.57150507,-0.8257651,1.2985344,-0.16569851,0.95440125,0.458027,-1.2068151,-0.10231567,1.0224172,1.3236867,0.61451554,0.6465189,-0.9114444,-0.5113531,-1.7252964,0.4484919,-1.5267448,0.35268113,-7.0642157,-11.267771,-12.230942,-12.305608,-15.809884,-15.718589,-15.720153,-15.9201145,-17.628492
120,-12.997723,-19.90965,-13.712986,-19.817259,0.17743625,0.6000298,-3.1886878,1.917479,3.1479383,-1.0249649,-0.41236618,2.8797712,1.8291694,-1.9614583,-2.5728192,0.33851963,-0.31936872,0.6326419,0.4859693,-0.5874777,0.24106365,-0.8651051,-3.0109832,-2.845603,-6.6807895,-10.780592,-12.763432,-11.666837,-15.753624,-15.86016,-15.555507,-15.883954,-19.828419
121,-10.571764,-14.871446,-7.894052,-14.835778,-3.9323883,0.319624,1.7884829,-2.5582871,-0.28507265,9.273878,-0.7370171,-1.1309999,-5.2275724,4.026962,-2.0123792,1.2050728,3.2674608,-1.387663,-4.839785,-5.083135,-3.526736,-1.3042961,-6.6291695,-4.21715,-3.8795807,-9.615969,-9.996052,-9.085839,-14.538586,-13.436629,-15.139263,-14.129828,-14.743597
122,-10.205265,-8.110697,-7.8071938,-8.136575,-2.6415558,-1.1480902,0.205799,-0.78397757,-1.57273,11.5715685,-2.8141742,-2.0373552,-3.7239327,3.8466094,-1.349124,-0.6391235,0.060399354,-2.30557,-4.2703767,-2.751545,-3.6201482,-2.392248,-4.1416235,-3.0465724,-2.7248123,-9.246344,-6.781999,-7.7812634,-14.07761,-12.933549,-14.131386,-13.3644705,-8.037439
123,-12.133478,-19.376768,-11.951702,-19.364845,-0.315247,1.398551,3.2245834,0.5820922,1.2536821,-0.073251955,-0.1530616,0.6818767,-0.6105248,0.13550626,-0.97845954,-0.98202163,-0.5343028,0.57164943,-1.3788847,-0.98997086,-0.0291813,-0.7240466,-2.821399,-2.4731722,-6.9701447,-12.70901,-12.133421,-13.167763,-15.641529,-15.423302,-15.826326,-15.690091,-19.394352
124,-14.150711,-18.624989,-13.826393,-18.652828,0.5832613,-0.38574633,-2.3520527,1.588771,0.53960335,2.4157808,-0.33244723,1.3301344,0.90522784,1.326225,-4.135496,0.5187843,0.45441204,1.0508443,0.14353766,0.64651483,-0.35981783,0.40218917,-1.9825597,-3.3032222,-8.302902,-10.818073,-13.248566,-11.703336,-15.38356,-15.534297,-15.025238,-15.283863,-18.609646
125,-14.537375,-21.508175,-14.343068,-21.462378,0.900374,1.1466067,-0.8731894,0.5332234,1.1474382,-0.7497651,-1.4404652,1.2552323,-0.6789369,-1.3298517,1.6919335,-1.8496555,0.7082949,-0.70698494,-1.2001851,-1.2757266,0.69475126,-0.6575782,-2.8387024,-2.012992,-7.9347224,-14.070953,-13.681431,-13.575764,-15.462762,-15.784591,-15.943395,-15.890751,-21.468916
126,-10.971548,-16.88732,-11.581027,-16.77515,4.011134,-0.31200904,-1.0808407,2.152121,-0.86905533,3.0265706,-0.8364157,1.4410803,2.4175649,-0.64972526,-4.4475307,0.47516263,2.7471468,-0.70738393,-2.9338844,-4.138148,1.3409691,-2.2997894,-4.852861,-5.7008038,-3.9257114,-8.5282,-10.302908,-8.498073,-14.240875,-14.320276,-13.520895,-14.366202,-16.80365
127,-11.120613,-18.664148,-10.735415,-18.651289,-2.1527712,-0.3352757,-0.56628674,-2.3748875,7.350357,-0.9782415,-1.3917696,3.9080567,-2.600601,0.16907783,-0.8304161,-2.9024556,-1.7864596,0.11880189,-2.242348,-2.2226777,-2.9996858,-1.0854292,-3.3930502,-0.736565,-5.490622,-9.696497,-8.5403595,-11.185125,-14.897018,-15.239093,-15.176621,-15.116771,-18.626377
128,-11.802656,-14.676888,-12.957817,-14.653234,-0.38520452,-0.70425224,0.2870563,-0.64415073,-0.028921582,-1.2025917,0.2062035,-1.1263396,-1.0188252,-1.3901488,-0.83784807,-1.1426002,-1.7907763,-1.5127524,-0.17264856,0.4052537,-1.4863453,-1.6994326,-0.06482163,8.195227,-6.5055037,-13.540979,-7.8977222,-14.617794,-14.348464,-15.011467,-15.970251,-15.5086565,-14.727536
129,-14.5100355,-20.7595,-13.785053,-20.703875,3.1498983,2.0436692,-0.22444135,0.9492463,0.757798,-0.5709035,1.0501773,-0.51403743,-0.083577655,-1.2450811,2.6690867,0.7140032,0.39366692,-0.95125985,-1.1954491,-2.5357268,-0.3475858,-0.93760085,-4.040107,-2.9346945,-6.110455,-11.600103,-12.73844,-11.4650135,-14.713679,-14.683896,-15.16489,-15.2519455,-20.738642
0,-13.175819,-18.25383,-12.839477,-18.254799,-0.25018334,1.9606586,1.6473053,0.12424566,0.7994739,1.515716,0.38469037,0.4578789,-1.518697,0.857173,0.473368,-0.54504067,-0.1261676,-1.0787337,-2.0504427,-3.0282397,-1.3531911,-1.3376476,-1.035152,-1.059094,-7.9037848,-12.632068,-12.62388,-13.015041,-15.514425,-15.873355,-15.651647,-15.673864,-18.272263
1,-9.517868,-10.118435,-7.695681,-10.0858345,-1.0743567,0.45682278,0.58996063,-0.60675764,-1.7687365,10.44934,-2.198569,-1.3514509,-2.3928504,0.54574704,-3.0085914,0.6424035,2.287189,-2.7454414,-3.6531844,-3.4901443,-1.807974,-2.9339235,-4.3152423,-5.458094,-1.7201223,-7.4400496,-7.769503,-5.3149858,-13.7828665,-12.393793,-13.0172615,-13.187097,-10.0289545
2,-12.987512,-17.422396,-13.35744,-17.423832,-0.16530742,-0.44904405,0.32663566,-0.68018013,1.4789896,-0.41815805,0.63293886,0.27159962,-1.3513039,0.40362242,1.0231984,-0.0152951265,-0.1588617,0.07084793,-0.74189794,-0.6788383,-1.6299561,-0.42196813,-1.0151646,1.7605824,-8.345696,-13.922488,-12.604503,-14.40114,-15.853535,-15.861283,-16.095379,-16.358795,-17.431519
3,-13.3195095,-17.954403,-13.417711,-17.968266,0.6474183,0.25303048,-0.31006092,0.15960126,0.72067016,-0.53041565,1.7600484,0.095792286,-0.33766067,-0.89056313,0.97564155,1.4654461,0.21793854,-0.44272918,-0.52592,-0.734986,-1.3305025,-0.087470174,-1.7247922,-1.1099,-7.2305956,-13.538404,-14.159656,-13.63331,-15.76404,-16.105734,-15.981466,-16.310806,-17.926933
4,-13.282535,-18.02832,-13.522987,-18.03841,0.8312571,0.29881698,-0.12803137,0.29904,0.94897085,0.033024438,1.1623222,0.4805948,-0.3384341,-0.030258296,1.186683,0.39604327,0.578407,-0.011036608,-0.22056018,-0.83910376,-1.5451972,-0.17846148,-2.390396,-3.1929278,-8.039606,-12.528991,-14.290496,-13.147816,-15.586644,-15.861561,-15.676713,-15.725025,-18.006052
5,-13.49343,-22.394094,-13.66784,-22.342073,0.17603895,2.9467244,1.5474195,0.5739174,3.7594256,0.32298973,-1.6045173,1.793285,-0.73209214,-0.99451715,-5.168444,-2.1907063,-1.0438441,-0.7897086,-1.143922,-2.498643,-0.083900474,-2.1746607,-2.9659646,-1.8265243,-8.554473,-13.10626,-12.861139,-12.218136,-15.030272,-15.306085,-15.614761,-15.201111,-22.349682
6,-12.901564,-17.814022,-12.695454,-17.823967,1.0443218,0.79504687,0.5748001,-0.09116995,1.0700916,-0.058493756,0.1743296,0.41694942,-0.7931751,0.06314227,0.86828333,-0.6512799,-0.3416524,-0.7192144,0.6939884,-0.63264436,-1.4868113,-0.805837,-1.1330687,-0.82238764,-7.40502,-13.524143,-13.702999,-13.847886,-15.54546,-16.11037,-15.937206,-16.10439,-17.835651
7,-13.160448,-19.356695,-13.420543,-19.392862,-0.50321496,0.68518835,-1.4949522,-0.045811713,1.9329381,0.46036974,2.0223205,1.1773282,-1.4858238,-0.60776114,-0.1809016,1.009247,1.122724,1.1381328,-0.5501506,-0.2019566,-1.9895378,2.1161113,-2.0202107,-3.548553,-7.0106544,-11.461769,-13.427214,-12.038496,-15.64224,-15.450137,-15.57458,-15.572164,-19.339577
8,-10.739916,-18.631731,-11.490425,-18.607542,0.19640625,-0.39837107,-0.87252265,0.77265966,1.3662959,-1.84292,5.2759166,0.63852626,-0.33963996,-3.6063023,-0.69162136,2.9392457,0.33501312,-0.7745203,-1.7147208,-1.4567412,-1.0445359,1.7873794,-0.14600414,-0.24852824,-4.2904973,-11.296209,-12.023275,-11.154976,-15.937924,-15.2967825,-16.0596,-15.101483,-18.636196
9,-10.833757,-12.781191,-11.295416,-12.7886095,0.9490521,-1.2556958,-2.082982,-1.7098178,-0.971123,-3.943869,6.986163,-1.7522297,-1.808567,-4.4764504,-0.9731278,6.2262483,0.10849898,-0.4497308,-2.0477557,-1.5621394,-0.2489635,-0.29798165,-1.1200954,-1.3735328,-5.682684,-12.170198,-11.317156,-11.35198,-15.627346,-15.540286,-16.057573,-15.338055,-12.702544
10,-12.8032465,-17.47198,-12.626326,-17.498013,-0.15508169,0.46898338,0.54311895,0.15567154,1.3680638,0.39641076,0.40222427,0.9817971,-0.394479,0.35563457,1.3172101,0.49404055,0.11621446,0.3859866,-1.2476091,-1.0628012,-1.2550706,-0.24865694,-3.464608,-0.88444763,-8.162435,-12.72716,-13.53389,-13.220375,-15.327403,-15.843239,-15.617238,-15.662085,-17.467594
11,-8.6348715,-7.6258454,-7.537717,-7.6504984,-3.5055606,-1.4604356,0.00828412,-1.8531231,-2.6943278,1.5262837,-3.4425232,-3.5360167,-3.9674425,11.038471,-4.590638,-2.952727,-4.227526,2.266614,-3.073827,0.56406957,-5.279832,-0.87323356,-3.8536928,-2.9279218,-2.4169044,-5.9096394,-7.7877207,-8.282718,-15.461382,-14.545912,-14.138642,-14.5651865,-7.616187
12,-13.296402,-20.336185,-12.451212,-20.37012,-1.0353109,0.25635564,0.5647927,-0.5866011,0.343293,7.2653103,-0.07072757,0.09640326,-2.2599182,1.5882906,-2.8506582,0.103139944,0.704224,-0.5465666,-4.056821,-4.116309,-2.230749,-1.746617,-5.5224614,-4.869202,-6.150582,-11.9581585,-10.693092,-10.565599,-15.166719,-14.334461,-15.106106,-14.739292,-20.272995
13,-13.116894,-19.315844,-13.605542,-19.334465,-0.3207031,0.54155034,2.1208613,-1.1363027,0.9848472,1.56352,0.916851,-0.11911695,-2.2707596,1.5344467,0.90847206,1.2166313,0.891273,1.1923474,-1.9567204,-2.0331233,-1.0712651,-0.27898878,-2.8141623,-4.4302735,-8.781929,-12.923417,-13.514213,-13.2219925,-15.719009,-15.78629,-15.662701,-15.938677,-19.287596
14,-13.367231,-20.916761,-12.2786,-20.890038,0.10787524,4.716579,0.59797704,1.6034358,1.2106739,-0.3033799,1.7757262,0.33155233,-0.7794423,-3.1588366,2.5510054,1.0237566,0.789333,-2.9065588,-2.5020866,-3.278123,-1.5263394,-1.1628535,-4.419661,-2.6629822,-5.8724823,-13.814788,-12.544369,-12.3382015,-15.789044,-16.303205,-16.248709,-16.117037,-20.85543
15,-5.2285566,-8.494375,-6.0204997,-8.488453,-2.0605097,-3.0505643,-1.29654,-2.951168,-0.79447037,0.88673615,6.514508,-0.9718678,-2.615916,-2.7913516,-3.063857,2.7588634,3.3801892,0.5698726,-5.2548075,-3.0693324,-0.7360191,1.7238684,-1.585177,-2.4687645,-3.6756527,-9.326453,-10.07724,-7.693939,-14.760733,-13.608349,-14.163204,-13.572416,-8.455708
16,-11.985622,-18.68262,-12.098275,-18.719784,0.8031666,0.21693675,-1.1294799,1.0868337,0.9601946,1.6891292,0.10957873,0.8102761,0.42798957,-0.5889145,-0.7696082,0.5565209,1.1079358,-0.4560948,-0.896678,-1.8738534,-0.76399606,0.13492802,-2.682701,-2.6371355,-6.5537972,-10.561869,-12.4756775,-10.681841,-15.59779,-15.319277,-15.182728,-15.053881,-18.645771
17,-13.155514,-19.660988,-12.322039,-19.645132,-0.4654351,2.0280776,-1.3903975,1.514202,2.9136117,-1.094255,1.1505878,0.196061,-0.27296644,-3.2568736,3.8279812,0.49041224,0.48252544,-2.1932797,-1.5142409,-2.342722,-1.4650294,-0.8978534,-3.63981,-2.1605263,-5.6559267,-11.219341,-10.860724,-10.177391,-14.858957,-14.9822235,-14.882671,-15.636978,-19.676704
18,-11.363235,-17.256824,-10.683382,-17.274942,0.5240281,2.5499737,2.118269,-0.13848823,2.2853446,0.21316713,1.9640098,0.8506852,-2.4300756,1.0893961,2.9428897,-0.2743038,0.14280687,-0.036825065,-2.4074333,-2.5863278,-3.2124524,0.67342234,-3.1728985,-4.504014,-5.026679,-9.230375,-10.993089,-10.405601,-15.433536,-15.506773,-15.268024,-15.759133,-17.208065
19,-9.400396,-8.765166,-10.007465,-8.790607,-3.0392373,-0.11516285,0.5214868,0.18147852,-2.0045173,1.0940226,-4.0209975,-2.7588656,-2.1752505,10.466273,-3.496881,-3.2896726,-3.6955352,1.2704438,-2.880229,0.33383846,-5.4092264,-0.49075118,-5.752357,-3.1168942,-2.8772352,-5.2423363,-7.6706905,-8.507947,-15.778071,-13.94127,-13.83698,-14.231703,-8.754368
20,-13.62378,-22.555656,-13.523229,-22.523214,1.6398791,1.2853917,-2.3239787,3.427851,0.27407008,-0.39932567,0.43464553,0.6003528,2.5302892,-3.092821,-7.8675776,-1.4044219,0.30377224,-1.0238736,-0.93016124,-1.4929379,0.67847794,-1.0396019,-3.1142032,-3.6984022,-6.106873,-12.840198,-12.620877,-11.89223,-15.040794,-15.643938,-15.118608,-15.91139,-22.44161
21,-10.684883,-19.412363,-13.330519,-19.426918,4.138267,-0.24781889,-3.5558765,5.256654,-1.0540649,-3.3128808,-5.0618877,2.4197624,4.897331,-5.501136,-3.931582,-4.8628607,-1.923275,-2.6975133,0.3538388,-2.9802883,4.707705,-4.9557314,-6.3810134,-1.3798248,-7.9447412,-14.788458,-14.09974,-14.35247,-14.913685,-15.92943,-16.043242,-14.662501,-19.465036
22,-12.630366,-18.05855,-12.878611,-18.053741,0.37942335,0.16282564,0.2144886,-0.07249735,0.95609,0.85870564,-0.050421227,0.30235893,-0.48355666,0.64715314,0.3951494,-0.17325407,0.18875961,0.1828009,-0.69537103,-0.6085744,-0.89149314,-0.12037505,-2.6873565,0.5882846,-8.388449,-12.909176,-12.985451,-13.607273,-15.677682,-15.929901,-15.84678,-16.168112,-18.07313
23,-6.8030844,-10.713817,-8.543797,-10.583874,-2.8680255,11.032533,2.7557416,1.1315268,1.0950248,-3.220369,-3.1288106,0.505423,-2.2150347,-2.1535654,-2.2913835,-3.6625316,-4.0176177,-3.5039625,-1.997998,-2.6477904,-2.5736024,-4.4979453,-4.650011,1.0345576,-4.6250424,-9.582278,-8.081745,-9.049904,-13.340436,-14.323473,-13.409287,-13.492518,-10.817913
24,-9.8998575,-14.261923,-6.9214306,-14.2336235,-3.5901732,4.317673,-3.291332,-1.0572037,0.79454744,6.147806,-3.2159617,-1.1105164,-3.8738637,-1.5463008,-4.905321,-1.6294895,2.4444969,1.9846244,-1.9378765,-1.4194676,-2.8983276,0.7805512,-4.632369,0.015393242,-6.883761,-9.0797825,-9.599431,-9.228549,-13.643592,-13.064706,-15.363251,-14.408844,-14.254703
25,-12.178308,-19.660149,-12.003059,-19.615911,-0.39726475,-0.43775433,0.6899819,-1.1519655,0.49237528,-0.52893066,3.3616292,-0.63098073,-1.7777327,-1.2362877,-0.41923654,1.3031336,2.2061565,0.17289822,-1.4616917,-0.45746058,-2.1550884,2.1756172,-0.6973312,-2.8421452,-6.4672384,-11.615942,-11.277701,-11.666492,-15.729828,-15.447638,-15.614892,-15.46687,-19.543337
26,-12.131447,-14.570405,-11.807846,-14.5792675,1.8404833,3.1919644,-1.6857673,-0.60306233,0.7199474,-2.800687,-0.4967093,-0.10717139,-1.9889103,-2.2909026,8.262762,-3.6230004,-0.26363775,-2.891846,-1.6770583,-2.1967876,-2.1631694,-0.33148834,-4.233425,-1.5851228,-2.8955517,-11.464439,-10.853933,-11.684824,-15.158981,-14.586938,-15.495198,-15.874201,-14.504427
27,-7.8311987,-7.0748415,-8.79404,-7.0244327,3.0553057,-1.1467649,-3.8691132,-0.3057528,0.53001624,-2.555179,1.328929,0.27550822,0.3138709,-2.1129434,3.2284641,-2.119202,1.126889,-1.761535,-0.6390824,-1.5085588,-0.060694344,1.6811929,-0.91409767,-4.4702597,-6.6077394,-9.754041,-11.516896,-8.748018,-14.693517,-13.553063,-14.414335,-15.030599,-7.097861
28,-11.969837,-14.144157,-12.151469,-14.04947,-3.3213646,-0.25607994,1.1672627,-2.7227073,3.0351799,1.0557259,-2.5385168,-0.58473724,-2.5102615,5.979357,-5.227709,-0.46906677,-1.1412125,6.34558,-2.4280508,-0.9523727,-3.4865909,0.5046658,-4.347159,-3.857555,-7.0049787,-7.5736237,-10.862819,-10.998146,-15.8810425,-14.723085,-15.1546955,-15.711922,-14.1434355
29,-14.663849,-19.980404,-13.842526,-19.9685,-0.863143,1.5111299,4.220467,-0.5423303,1.264752,1.805737,0.27326638,-0.4004937,-2.7865503,1.4661244,1.1488895,-0.37131393,0.47283494,-0.27714482,-2.3496108,-2.904207,-2.8921108,-0.5476832,-3.3755212,-3.4630592,-8.523605,-12.864645,-12.525911,-12.629942,-15.70624,-15.338383,-15.522683,-15.537685,-19.966707
30,-13.372066,-17.611658,-13.103207,-17.617043,0.9185749,0.04045644,0.14087304,0.4720635,0.47132984,0.2970996,0.44238958,0.15446898,0.2305859,-0.3061167,-0.023048567,0.34280908,-0.1698764,-0.37037113,-0.3529055,-0.5267775,-0.4539532,-0.790757,-1.1753731,-1.2234422,-8.216562,-13.572842,-14.4909935,-13.80975,-15.504676,-16.01718,-16.027864,-15.916706,-17.630602
31,-11.598602,-18.033928,-11.678814,-18.01394,0.5401124,0.8683306,-3.4735281,5.2823987,-0.29003873,3.1177912,-1.1512418,3.2342155,1.1817765,-0.9229745,-3.9808137,0.7053849,0.060128197,-0.29038602,-1.4802108,-1.9294591,1.9215218,-3.1853604,-6.0633664,-6.660664,-4.9536233,-8.232834,-9.889281,-8.020056,-14.195449,-13.880496,-13.295392,-13.561653,-17.96734
32,-12.987512,-17.422396,-13.35744,-17.423832,-0.16530742,-0.44904405,0.32663566,-0.68018013,1.4789896,-0.41815805,0.63293886,0.27159962,-1.3513039,0.40362242,1.0231984,-0.0152951265,-0.1588617,0.07084793,-0.74189794,-0.6788383,-1.6299561,-0.42196813,-1.0151646,1.7605824,-8.345696,-13.922488,-12.604503,-14.40114,-15.853535,-15.861283,-16.095379,-16.358795,-17.431519
33,-12.930734,-16.121365,-13.384195,-16.109676,-0.41672623,-0.25932845,0.7649823,-0.27882242,0.08144955,0.07117971,-0.37360534,-0.33013603,-0.92776185,-0.11025899,0.44990173,-0.8257202,-0.8539914,-0.89919406,-0.7200804,-0.54621464,-1.680862,-1.2884871,-1.2019017,6.2064376,-8.018565,-14.054464,-10.506184,-14.818516,-15.039102,-15.428175,-16.056782,-16.092487,-16.164494
34,-12.279087,-17.835974,-12.253101,-17.839989,-0.02189982,0.54877555,1.5966659,0.76643926,0.027290134,-1.0942904,0.7276231,0.08931846,0.038610023,-1.2766535,-0.9239542,-0.4424693,0.09202376,-0.25794393,-0.05349345,0.938007,0.24694625,0.97346854,-1.7483631,-0.7617938,-7.5709233,-12.931913,-12.792225,-13.316778,-15.740008,-15.608098,-15.854381,-15.932881,-17.820858
35,-12.4699335,-17.068296,-12.207841,-17.076061,0.37769008,0.14033589,0.42064965,0.3022478,0.9164974,0.41407338,0.27334604,0.14829774,-0.056089666,0.24761903,0.2705767,0.61862177,-0.29583788,0.5382066,-0.3125269,-0.55745363,-1.2401984,-0.6739601,-1.6462706,-0.9727066,-7.606736,-12.0324,-13.152859,-12.829639,-15.424083,-15.795555,-15.620018,-15.8056,-17.066765
36,-12.930734,-16.121365,-13.384195,-16.109676,-0.41672623,-0.25932845,0.7649823,-0.27882242,0.08144955,0.07117971,-0.37360534,-0.33013603,-0.92776185,-0.11025899,0.44990173,-0.8257202,-0.8539914,-0.89919406,-0.7200804,-0.54621464,-1.680862,-1.2884871,-1.2019017,6.2064376,-8.018565,-14.054464,-10.506184,-14.818516,-15.039102,-15.428175,-16.056782,-16.092487,-16.164494
37,-9.571797,-15.927146,-9.160932,-15.964799,2.5791025,2.987949,-2.4013839,8.911416,-2.6041067,-3.5513122,-4.992946,0.9322937,5.985076,-4.326593,-4.719939,-5.672562,-4.8553786,-4.5183825,0.45063505,-2.709967,1.0619771,-5.8313475,-4.8317184,1.6709138,-3.1144702,-10.690224,-10.303116,-10.933359,-13.055119,-14.596327,-14.023222,-14.121745,-15.832461
38,-7.544508,-16.691492,-10.824942,-16.859005,-2.252211,8.08418,3.596255,-0.7475975,4.8101683,-2.238735,0.7209024,1.4586294,-4.497443,-3.549105,0.5581714,-1.7461973,-0.15463367,-2.388768,-3.2107682,-4.192486,-2.242354,-2.333004,-4.2530637,-2.03729,-5.6247735,-13.245581,-13.371293,-12.553101,-15.491734,-15.054231,-14.809066,-14.671192,-16.687271
39,-12.987512,-17.422396,-13.35744,-17.423832,-0.16530742,-0.44904405,0.32663566,-0.68018013,1.4789896,-0.41815805,0.63293886,0.27159962,-1.3513039,0.40362242,1.0231984,-0.0152951265,-0.1588617,0.07084793,-0.74189794,-0.6788383,-1.6299561,-0.42196813,-1.0151646,1.7605824,-8.345696,-13.922488,-12.604503,-14.40114,-15.853535,-15.861283,-16.095379,-16.358795,-17.431519
40,-7.8311987,-7.0748415,-8.79404,-7.0244327,3.0553057,-1.1467649,-3.8691132,-0.3057528,0.53001624,-2.555179,1.328929,0.27550822,0.3138709,-2.1129434,3.2284641,-2.119202,1.126889,-1.761535,-0.6390824,-1.5085588,-0.060694344,1.6811929,-0.91409767,-4.4702597,-6.6077394,-9.754041,-11.516896,-8.748018,-14.693517,-13.553063,-14.414335,-15.030599,-7.097861
41,-12.327342,-17.423979,-12.096099,-17.432257,0.5800572,1.006944,1.0152844,0.3421768,0.84648114,0.5936916,0.56656384,0.4537269,-0.606086,0.43814376,1.1259136,-0.1538487,0.015985502,-0.48405465,-1.168474,-1.5977913,-1.3410863,-0.46254432,-1.9070688,-1.3607892,-6.8636656,-12.557908,-13.245438,-13.067289,-15.545792,-15.853518,-15.643778,-15.815035,-17.445753
42,-12.44007,-16.187298,-12.650964,-16.179346,-0.100995824,-0.4735465,-0.27292338,-0.30835283,0.18289173,-0.8867138,-0.46134102,-0.82188666,-0.8013201,-1.0057105,-0.24867105,-1.1645306,-1.4473994,-1.274581,-0.28928357,0.1572519,-1.5794982,-1.4415454,-1.0784141,7.745262,-6.530727,-13.226821,-9.225974,-14.493214,-14.738511,-15.353509,-16.21803,-15.906518,-16.24201
43,-16.34511,-19.530073,-16.588753,-19.544178,1.3789679,1.0970209,0.6974026,2.1846929,0.15085775,-0.10467492,-2.1730313,-0.2954077,0.774596,0.21739167,-0.43011567,-1.9904262,-1.2764181,0.01772849,0.84328103,-0.83826256,0.484155,-1.8305099,-1.770052,-3.5500865,-10.217963,-15.374693,-14.536995,-15.361214,-15.415588,-15.878583,-15.958494,-16.350374,-19.484642
44,-11.6954,-19.73726,-12.3619175,-19.682592,0.1716092,-0.35169563,0.5204649,-0.9863028,1.5413785,-1.6071554,5.1628284,0.101939924,-2.1431458,-2.3976955,-0.63204587,1.3438498,1.9491692,-0.5898998,-1.8724778,-1.6149855,-2.2951763,2.2222183,-0.38558364,-0.43734592,-6.064487,-12.551678,-12.244116,-12.052686,-15.891662,-15.053822,-15.619371,-14.981911,-19.716124
45,-14.016485,-19.016573,-13.656713,-19.00588,-0.057529323,0.7166601,0.74314326,0.43215245,1.1074101,0.6452376,1.07038,0.37508228,-1.1096898,1.5702646,-1.1850405,-0.55879587,0.16679026,0.8577036,-1.1303939,-0.95481867,-1.8708532,0.062211692,-1.5116396,-0.97960216,-7.7168736,-12.096057,-12.416901,-13.216953,-15.6429,-16.038033,-16.024538,-15.722062,-19.007458
46,-13.502935,-18.941616,-12.493055,-18.961155,0.11327309,-0.41311753,-2.1374617,1.3908203,1.3577973,0.858233,1.5839531,2.4647853,0.41670147,0.2475462,-0.6259081,2.0011575,1.3028638,0.7431569,-2.1933167,-1.7075585,-1.2814158,-0.069408245,-4.170793,-5.2420774,-8.159036,-10.991283,-13.00149,-11.447672,-15.259177,-15.159952,-15.435616,-15.329716,-18.87322
47,-10.214871,-16.679993,-11.855854,-16.58758,-0.8797389,2.7365875,-0.82690924,-1.0988549,0.20492554,-4.188163,7.2175064,-1.7501612,-4.045905,-5.1537356,-3.479594,0.48829716,-2.2244275,-3.7403905,1.4792562,2.7021399,-2.1021183,1.547829,-0.045316566,0.33718747,-5.982924,-12.780251,-10.922649,-12.1021185,-14.876419,-15.708563,-15.868385,-15.564525,-16.612444
48,-13.383084,-19.365076,-13.099649,-19.312754,1.6451002,1.8313107,0.959394,0.358065,1.8422649,1.1585661,1.5757476,0.92167294,-1.6312841,-1.0694158,2.7714832,0.46553057,1.0293974,-1.5789634,-1.738501,-2.1969247,-0.7977931,-0.7630827,-1.6559368,-3.8607626,-7.033506,-12.678558,-12.670315,-12.660431,-15.604212,-15.395605,-15.819719,-15.637573,-19.366137
49,-13.525937,-20.591988,-13.643538,-20.579878,1.9047047,0.42845544,-1.9414437,2.0447319,0.012557797,-0.04533316,-0.12379643,0.69489956,1.7177364,-0.9924457,-1.6421137,0.47061187,0.529025,-0.43449315,-1.3182138,-1.2840009,0.16204579,-0.9929664,-3.8159394,-5.1967273,-7.0183063,-12.607446,-13.2797985,-12.098412,-15.302963,-15.688508,-15.425278,-16.092787,-20.569485
50,-14.85859,-20.972763,-15.326027,-20.939205,4.0190606,-0.5105826,-3.4144752,4.411005,-2.9717007,-3.1570773,-2.3018162,-0.75258625,4.514041,-3.7492688,-1.5014167,-2.3138487,-1.7522523,-2.5411549,1.3951242,-2.0820699,0.9555918,-1.9649935,-3.625215,-3.8206964,-7.453748,-15.485412,-16.174097,-14.831802,-15.227655,-16.149248,-15.563096,-15.827628,-20.908194
51,-12.8032465,-17.47198,-12.626326,-17.498013,-0.15508169,0.46898338,0.54311895,0.15567154,1.3680638,0.39641076,0.40222427,0.9817971,-0.394479,0.35563457,1.3172101,0.49404055,0.11621446,0.3859866,-1.2476091,-1.0628012,-1.2550706,-0.24865694,-3.464608,-0.88444763,-8.162435,-12.72716,-13.53389,-13.220375,-15.327403,-15.843239,-15.617238,-15.662085,-17.467594
52,-11.739716,-17.557524,-11.538679,-17.559193,0.3526865,1.1334307,1.3404933,0.2099508,0.8292574,1.0263728,0.9056444,0.5037359,-1.2905934,0.28232113,0.88968015,0.44220838,0.13673739,-0.605954,-1.511138,-1.9800332,-0.94200456,-0.97246104,-1.430955,-1.7446989,-6.3789086,-12.426735,-12.904079,-12.808138,-15.60743,-15.860912,-15.711856,-15.716059,-17.583986
53,-11.904418,-15.021974,-11.73088,-14.902215,-1.5754786,4.2275267,2.8315341,0.6354496,7.572284,-4.948319,-4.4464693,2.121546,-2.0216067,-3.5164883,-3.134669,-5.5339336,-3.1857626,0.24021985,-2.77979,-1.9141109,-2.374148,-1.8993045,-2.330826,4.4530535,-5.3619814,-11.718424,-8.43976,-11.860105,-13.593235,-14.080425,-15.085191,-14.007915,-14.942674
54,-15.18908,-21.755037,-14.803306,-21.713898,0.8783098,-0.32649848,-1.7734054,-0.26089036,0.764586,-0.8435097,3.0010927,-0.3810904,-1.4093745,-2.8050084,0.40920693,1.1139474,1.35265,-1.2479764,-1.4681914,1.1051809,-0.8660573,0.97053075,-1.1134355,-3.226448,-9.048919,-14.934897,-13.980932,-13.501362,-15.785503,-16.27626,-16.160082,-16.024643,-21.711575
55,-13.729873,-18.985489,-13.354259,-18.9646,0.8129136,0.23530419,-0.36617702,-0.2365283,0.3736123,-0.77238464,-1.0333611,-0.30536342,-0.9357294,-0.66091686,-0.34423345,-2.1599307,-1.0181179,-0.7694142,1.9733421,2.3404212,-0.7991376,-0.17235295,-0.5247612,-0.8251702,-8.085978,-14.773029,-13.848714,-14.814615,-15.623842,-16.493275,-16.132135,-16.75418,-18.996696
56,-12.474802,-17.793278,-11.919167,-17.808182,0.6131066,0.2550608,0.1371974,-0.36279392,1.3806117,-0.19441935,-0.022286937,0.9220142,-0.69099456,0.107611135,1.0920197,-0.75574744,0.049958833,-0.18842493,-0.2730256,0.025555551,-1.3780637,0.10828173,-2.2898672,-0.6589971,-7.371032,-12.587543,-13.411992,-13.326867,-15.636837,-15.982602,-15.925935,-16.176254,-17.788725
57,-14.220947,-20.85683,-14.509863,-20.827042,-1.0536273,0.744147,2.155785,-0.13596834,1.2838925,0.46147436,1.3348587,0.8810483,-1.0151385,0.039849743,-1.5346292,2.0413342,0.6035123,0.47200933,-1.2272441,-0.6908587,-0.6699878,0.3679471,-2.8208606,-4.44815,-8.973314,-12.797707,-13.004541,-12.9618,-15.22159,-15.310175,-15.47197,-15.131555,-20.785688
58,-12.437601,-16.4879,-11.538641,-16.494986,0.6289164,-1.8663418,-1.1161473,-0.3636026,-0.85764194,-2.0994704,7.922718,-0.58470815,-0.22018924,-3.8908079,-0.43213415,1.8978553,0.6247459,-1.6649913,-1.8347502,-1.7300014,-1.009789,1.3330923,-1.027049,-2.2623544,-6.732651,-12.693081,-11.11952,-11.241188,-15.041218,-14.896369,-14.913074,-14.736645,-16.503006
59,-13.629553,-18.56527,-13.6985445,-18.573069,0.8878116,0.45706195,0.95209795,0.25376266,1.2166474,-0.104187034,0.45168823,0.16901292,-0.5859799,-0.3875133,0.054145843,-0.7683136,-0.175712,-0.056775514,-0.45891875,-0.83620113,-0.9011405,-0.7429581,-1.3635782,-0.98170894,-8.517326,-14.216749,-13.943827,-14.455098,-15.401764,-15.899949,-15.809883,-16.052511,-18.586214
60,-4.061975,-6.4853606,-4.759388,-6.4148407,-0.23590934,-2.877524,-0.97333974,-1.329787,-0.6893945,-2.241251,8.2415285,-1.0273335,-1.3359292,-5.1864395,-0.8022976,1.9812865,2.8764522,-2.4234967,-3.911858,-1.9935575,-2.0183249,2.9824831,0.5905761,1.2073005,-0.5692873,-7.9237847,-9.048028,-7.377052,-15.034174,-13.671579,-14.726441,-13.8092575,-6.476074
61,-14.269318,-17.463837,-13.480965,-17.43877,2.4134767,0.39163113,-0.9692098,0.5354038,-0.68119156,-1.9645723,-1.0902506,-0.26381648,0.76187,-2.9966366,-2.0519972,-0.9401651,-1.3040079,-3.0618372,3.0173666,0.015529282,2.4038503,-1.929105,-0.5623242,-1.2861747,-7.7794385,-13.666329,-13.891988,-13.504718,-15.564067,-16.141613,-16.139313,-15.838537,-17.439243
62,-13.453935,-18.899662,-12.670054,-18.870623,-0.09851973,1.7178341,-0.1126685,-0.17005204,1.9865482,0.35025594,-0.99428153,2.3318913,-1.4118793,0.016948316,0.2771594,0.57279056,0.44688004,1.3312048,-1.9514978,-1.4379065,-1.7283872,-1.5191568,-4.6459827,-6.196758,-5.557705,-8.946254,-11.754082,-10.274767,-15.489136,-15.576264,-15.244918,-15.166195,-18.801653
63,-13.889192,-17.93043,-13.365878,-17.938282,0.53298765,0.71485615,0.49811003,0.3533477,0.9470527,0.6274814,-0.044709276,0.5129405,-0.56663954,0.5378372,0.6086176,-0.29489473,-0.1850208,-0.23955159,-0.46255353,-1.0900221,-0.7814884,-0.8370655,-1.4588792,-0.8166659,-8.819518,-13.6130085,-13.816912,-14.034281,-15.491181,-15.997782,-15.84708,-15.942117,-17.949587
64,-12.907716,-18.011086,-14.208391,-17.952997,0.4026655,1.0119565,-0.44323814,0.05053856,0.36575517,-2.4811234,4.4709234,-0.47145572,-1.137033,-4.1554537,2.841285,2.720068,0.47976318,-1.3661959,-2.5821843,-2.120951,-1.1841154,-0.7597721,-4.4981055,-10.169746,-7.503066,-13.678269,-11.995382,-12.459116,-15.022351,-15.551483,-15.355044,-15.218712,-18.010893
65,-12.908154,-18.170732,-12.311949,-18.174423,-2.9829986,0.42733085,7.133246,-0.4697459,1.3546785,0.5260347,1.0268911,-1.0826662,-3.0210774,0.22900008,-2.6313827,-0.9626939,-1.4612226,-0.15776286,-4.548829,-3.7850919,-3.0293238,-2.0152788,-2.7080283,-0.6772104,-6.2986627,-11.237829,-11.53281,-12.004648,-16.05779,-15.077551,-15.95167,-15.579061,-18.135363
66,-13.565487,-19.374529,-12.262848,-19.407055,-1.2362126,-0.052929506,1.5990835,-1.9654346,1.4760634,0.40778893,2.5614953,0.43203813,-2.702368,0.2656723,1.733307,3.3409486,0.87587494,1.4644328,-3.3665562,-2.102169,-1.3583723,0.44168442,-3.7725368,-3.787599,-7.962915,-12.029637,-12.372288,-12.503974,-15.494237,-15.626015,-15.952399,-15.591273,-19.321651
67,-12.634827,-17.18713,-11.588851,-17.135077,-0.76594687,-1.1019226,-0.7891632,-0.73684317,-0.9333206,-2.1081734,8.9879875,-0.41776985,-1.2549026,-4.4212046,-2.3020368,4.36596,1.245513,-2.242778,-3.4232078,-2.5858011,-1.8825674,0.4318614,-1.4207175,-0.017977469,-6.659806,-15.37758,-11.3528595,-12.869505,-15.404663,-15.21535,-15.790906,-14.622484,-17.104012
68,-12.268775,-18.866184,-13.382645,-18.842163,5.5863123,1.4698744,-2.3035328,6.267922,-2.321386,-4.0903277,-3.7833097,-0.6381945,5.7623405,-4.0852857,-3.2346225,-4.824438,-3.6822338,-3.9153535,2.375583,-0.39247382,1.657209,-3.394737,-2.4679508,-1.680929,-5.707831,-15.221366,-14.521449,-14.920262,-14.224349,-15.50308,-15.235411,-15.529644,-18.810482
69,-14.205643,-23.206896,-14.524205,-23.171581,5.269405,-0.36461505,-3.0102553,3.019914,-1.0673491,-3.7141876,-2.4248447,1.5641147,3.0859094,-5.22192,-4.9293976,-3.8177981,-0.9011519,-1.5439794,0.8804433,-0.9722519,2.0201027,-1.1019174,-2.2144241,-0.3270976,-6.9070077,-14.928617,-14.44028,-14.70428,-14.665771,-15.567932,-15.216179,-15.677732,-23.18191
70,-12.928036,-18.33997,-13.431114,-18.270807,6.439855,-1.1041322,-3.7115664,3.0587764,-2.4022644,-1.7490883,-0.7929571,-1.3341511,3.2267556,-3.6461146,-0.90893894,-0.3581416,-0.5622024,-3.0562067,0.8613791,-2.0634851,1.3398285,-2.8867977,-1.3630872,-4.2923574,-6.1113434,-14.22403,-14.05696,-13.193523,-13.9533,-14.898862,-14.7339525,-14.625614,-18.272505
71,-10.974472,-16.95824,-9.556403,-16.959343,-0.14327465,1.2866727,-1.9886646,-0.6978124,0.43885508,0.33705118,3.9678462,-0.6890989,-1.2687048,-4.005151,1.3103406,4.1656423,2.8775961,-1.9260466,-2.0266585,-1.5656269,1.0567664,-0.4732252,-1.5370296,2.1152847,-4.0369587,-12.187333,-10.73588,-11.285827,-15.187159,-14.932243,-15.649567,-15.2819605,-16.952589
72,-13.489147,-18.2483,-13.943645,-18.248714,0.56847745,0.33366793,0.4749499,-0.14486438,0.9013802,0.5739714,0.19913903,0.19219722,-0.8590141,0.38337874,0.45559025,0.09572286,0.10909109,-0.40696886,-0.62146443,-1.006335,-0.9530298,-0.66221386,-1.3962735,-0.22287047,-8.586947,-13.927661,-13.247431,-14.282264,-15.708206,-15.87211,-15.887316,-16.212069,-18.259508
73,-8.6348715,-7.6258454,-7.537717,-7.6504984,-3.5055606,-1.4604356,0.00828412,-1.8531231,-2.6943278,1.5262837,-3.4425232,-3.5360167,-3.9674425,11.038471,-4.590638,-2.952727,-4.227526,2.266614,-3.073827,0.56406957,-5.279832,-0.87323356,-3.8536928,-2.9279218,-2.4169044,-5.9096394,-7.7877207,-8.282718,-15.461382,-14.545912,-14.138642,-14.5651865,-7.616187
74,-13.129291,-17.294477,-12.482184,-17.253252,-0.4863804,0.900506,-0.6004157,-1.8075655,2.3730803,0.16608164,-1.2080561,0.26344347,-2.5380921,1.2469621,5.9773135,-1.4021075,0.3565027,1.5709134,-2.606474,-1.9379557,-2.5578268,-0.56158775,-4.8668146,-3.4354527,-6.9802666,-10.9672985,-11.881189,-11.787167,-15.090771,-15.213884,-15.631025,-15.975634,-17.237694
75,-13.156267,-21.0627,-13.411667,-21.032051,0.17212638,1.3405868,1.5887477,-1.5047203,2.3572872,0.0100255655,0.11493336,-0.09304115,-1.9132924,-0.7881344,-2.8142262,0.48807576,0.99341637,1.3893994,-1.192485,-1.6804725,-0.97018796,0.3990608,-3.704761,-2.535782,-7.11049,-10.962835,-13.111884,-12.009981,-15.454214,-15.576715,-15.613305,-16.061787,-21.036087
76,-9.5212755,-7.9591603,-8.162285,-8.031864,-3.5784197,0.11470752,0.53754395,0.25442234,-1.7385094,1.1203104,-3.2578409,-3.2362888,-2.9200222,11.034318,-3.7242136,-3.2738032,-4.7407928,-0.13930374,-2.3644295,0.87089866,-6.3034005,-0.4939806,-4.011526,-1.0015104,-0.32810476,-4.7043085,-5.0024743,-8.0610285,-16.343117,-13.803715,-14.324581,-14.229743,-7.897484
77,-9.194607,-7.343843,-10.209884,-7.342748,-2.113706,1.0151188,0.6745249,-0.09237823,-1.9641311,0.50268793,-3.4922566,-3.5292645,-2.416139,10.596855,-2.903143,-2.7935534,-3.512615,1.2163868,-2.1549041,-0.5352726,-3.4708142,-2.4598703,-4.802541,-3.8312764,-3.9148312,-7.807984,-9.144721,-10.002478,-15.363462,-14.014963,-13.334331,-13.53751,-7.3101897
78,-13.967087,-18.297338,-13.669834,-18.311054,0.45669386,-0.048339643,-0.62984586,0.47273675,1.1445818,0.1609774,0.62648994,2.032049,-0.8363276,-0.8184959,-2.0284984,-0.1183801,0.6503973,-0.742686,-0.15421195,-0.21569295,-1.0643216,-0.5095341,0.5284611,-3.1118612,-7.826639,-13.177196,-13.979573,-13.480665,-15.932422,-16.12699,-15.8891945,-15.812528,-18.316301
79,-13.637444,-18.251265,-14.045827,-18.264011,0.28586382,0.7886173,1.70393,0.033776525,2.1727111,0.028573936,0.6690568,0.40738425,-1.0231482,0.10850608,0.17308661,-0.5829475,-0.40003085,-0.45995975,-0.72053987,-1.3234854,-1.262371,-0.80227685,-2.175805,-1.619683,-8.425174,-14.007999,-13.660594,-14.237022,-15.436282,-15.741449,-15.634093,-15.947498,-18.287237
80,-12.936298,-18.14733,-12.8022785,-18.157158,0.6266715,0.20247959,0.22035441,0.4035915,0.889397,-0.04289429,0.2963566,0.34166217,0.12092582,-0.41275042,0.14882335,0.5095923,-0.008911306,0.4426673,-0.38730815,-0.8000227,-0.92188334,-0.5178962,-2.143373,-0.7748526,-7.8183966,-12.910363,-13.971869,-13.290302,-15.430756,-15.887171,-15.766563,-15.786735,-18.155972
81,-10.027296,-18.519491,-10.280596,-18.528316,-1.6698083,0.6002659,-1.7197261,-0.6519491,3.5033953,4.5575795,0.31297696,2.3365643,-1.4900268,-0.15251023,-2.6799343,0.29038423,3.3501701,0.46520668,-2.6390038,-2.8811061,-1.1783804,-1.6582307,-3.3651838,-4.039225,-4.6089234,-9.150874,-10.644562,-8.2978115,-15.8976555,-14.685867,-14.987003,-14.530499,-18.467344
82,-5.9455404,-9.078114,-7.3802314,-9.013643,0.6520429,2.2555697,-1.1106942,-0.7675403,1.4527056,-4.7339234,-1.4229753,-0.9947947,-1.9517316,-4.327226,10.589869,-3.7827256,-1.579536,-3.1440036,-2.3683672,-3.4801679,-2.7602472,-1.5748475,-6.195898,-2.4461799,-1.8677838,-8.942898,-9.995983,-10.587321,-15.230466,-14.44267,-14.755764,-14.601375,-9.082836
83,-13.119119,-15.481413,-11.453478,-15.422013,0.7545474,2.313169,-2.2694829,-0.19824226,1.6296011,-0.9570983,0.04817516,-0.47279647,-1.6810888,-1.3166437,5.810824,-0.77515155,0.52445275,-1.7887211,-1.1307327,-1.5998703,-1.5270532,-0.7194384,-2.5564222,-3.0087013,-5.578518,-10.488882,-10.157551,-10.000667,-15.070078,-14.653463,-14.648165,-15.832727,-15.470371
84,-13.777863,-18.123255,-13.324838,-18.132936,0.41177526,0.82558835,0.7297161,0.122066356,1.5612953,0.3408893,-0.15740435,0.7758042,-1.151371,0.65103275,1.1814649,-0.70071363,0.20210864,0.057943374,-0.7925066,-0.91886604,-1.4387715,-0.32652384,-1.2333512,-2.3385332,-8.214939,-12.471298,-12.679663,-13.392978,-15.523398,-15.806762,-15.675384,-15.854567,-18.126343
85,-9.400396,-8.765166,-10.007465,-8.790607,-3.0392373,-0.11516285,0.5214868,0.18147852,-2.0045173,1.0940226,-4.0209975,-2.7588656,-2.1752505,10.466273,-3.496881,-3.2896726,-3.6955352,1.2704438,-2.880229,0.33383846,-5.4092264,-0.49075118,-5.752357,-3.1168942,-2.8772352,-5.2423363,-7.6706905,-8.507947,-15.778071,-13.94127,-13.83698,-14.231703,-8.754368
86,-12.223848,-17.534563,-12.386418,-17.558344,0.8325128,0.6498047,0.72043836,0.05215163,1.1883087,0.2685857,0.7050551,0.06473884,-0.8942004,0.25198153,1.2428981,-0.2549793,0.28616813,-0.354106,-0.25762302,-1.0738595,-1.9069781,-0.13728417,-1.1334013,-0.8763272,-7.5339794,-12.719227,-13.534922,-13.221813,-15.558372,-15.873682,-15.803242,-15.952704,-17.556988
87,-10.636993,-17.573084,-13.372807,-17.524809,3.560261,2.5072517,-2.6473014,6.520585,-2.3008602,-2.4051952,-4.7414913,0.020731162,5.207885,-3.6302447,0.08990283,-4.7761507,-2.9483793,-3.373471,-0.32244274,-4.300068,2.0379026,-4.3794546,-5.821628,-1.731058,-5.72927,-14.801863,-14.743693,-13.33385,-14.672909,-15.13826,-14.550803,-15.004311,-17.543827
88,-13.0497875,-18.167076,-12.971588,-18.180233,0.65037423,0.2746532,0.10331225,0.4226973,1.1364937,0.19911212,0.075761236,0.47132975,-0.04093352,-0.3218404,0.41145444,0.5054595,-0.18401788,-0.18162198,-0.5359346,-1.2037064,-1.1266305,-0.774676,-1.9715079,-0.7175519,-7.5858016,-12.627756,-13.670793,-13.001024,-15.396013,-15.832998,-15.673706,-15.816193,-18.171263
89,-12.241928,-19.776937,-11.50603,-19.737148,0.48014018,1.9180104,-1.4638466,2.930405,1.0503442,3.8181806,0.48551235,2.9994764,1.2887874,-0.2930192,-5.1249633,2.1257663,2.1894648,-0.9951542,-3.3725176,-3.3794405,1.1941272,-2.855252,-4.5143137,-6.3522134,-4.395203,-9.502974,-11.802616,-9.064996,-15.177734,-14.719336,-14.502344,-14.976727,-19.715246
90,-11.802656,-14.676888,-12.957817,-14.653234,-0.38520452,-0.70425224,0.2870563,-0.64415073,-0.028921582,-1.2025917,0.2062035,-1.1263396,-1.0188252,-1.3901488,-0.83784807,-1.1426002,-1.7907763,-1.5127524,-0.17264856,0.4052537,-1.4863453,-1.6994326,-0.06482163,8.195227,-6.5055037,-13.540979,-7.8977222,-14.617794,-14.348464,-15.011467,-15.970251,-15.5086565,-14.727536
91,-13.118452,-18.291924,-12.982355,-18.285406,2.474187,-2.5778806,-1.4954919,-0.11735578,-1.2038391,-2.304203,0.6026745,-0.47317463,0.36845532,-2.2445087,-1.530461,0.35980463,-0.43425032,0.2388238,0.93365145,0.20112562,1.7932848,-0.44147605,-2.4155056,-1.3754146,-7.862792,-13.776133,-14.5120535,-13.94893,-16.419102,-16.215073,-16.389294,-16.164791,-18.261766
92,-9.512987,-16.528385,-9.727663,-16.57394,-1.4626426,2.952455,-0.14246911,-1.8807805,1.3065041,2.864822,-2.7830994,-1.1065401,-3.8597798,5.3296275,-3.533018,-2.478998,-1.0054293,1.0946103,-1.8232411,-1.385817,-2.2982795,-0.5835262,-4.8394203,-3.4049196,-9.1656885,-10.4301605,-11.733934,-11.1132965,-14.818682,-14.428829,-16.067787,-14.930844,-16.481205
93,-12.867038,-17.964485,-12.861241,-17.995346,-0.3354987,-0.0036059618,0.32981238,-0.4799628,2.0611925,0.41373098,-0.26350182,1.6673013,-1.0341127,0.94247806,0.8943705,-0.13480718,-0.042951506,0.55140585,-1.1877884,-1.000639,-1.3398138,-0.4621038,-3.561723,-1.4132303,-8.54092,-12.398762,-13.573505,-13.274385,-15.538663,-15.925596,-15.820785,-16.043217,-17.94937
94,-9.211924,-19.905352,-10.302901,-19.925322,0.34266877,-1.0323665,-0.75325143,-1.1358024,-0.12798078,-1.3387213,2.279614,-1.105555,-1.6066725,-1.8660313,-2.8981974,2.445018,0.6093184,-0.093175285,-0.89582735,-0.29782876,-1.8726823,0.7503888,-0.5667777,-0.37266773,-6.826423,-13.176684,-12.861816,-13.216898,-16.518883,-16.098787,-16.37335,-15.619584,-19.898283
95,-10.761135,-12.085974,-9.55627,-12.122983,-1.8765222,6.6997123,3.082821,2.7584188,2.9499927,-3.598574,-5.946911,2.9577103,-1.0482837,-3.4881437,1.7774825,-5.9339385,-1.8039573,-1.1647022,-4.9825535,-6.2095723,-1.6071049,-4.03023,-8.821634,-3.4238415,-5.743585,-10.95747,-10.044502,-10.48436,-14.394629,-14.392084,-15.439192,-15.014619,-11.992507
96,-11.080464,-21.015736,-11.673782,-20.990662,-2.416133,5.9505105,2.2518172,0.522528,5.630501,-2.9269443,-2.7445374,2.5037985,-1.2616723,-2.7260022,-2.7973166,-3.9457557,-4.747506,-1.7606069,-3.1913662,-4.041509,-2.3511865,-4.462988,-5.24805,-0.6491112,-4.5731044,-10.7468405,-11.5982,-10.771969,-14.905186,-14.800233,-15.279661,-14.546386,-20.976393
97,-12.44007,-16.187298,-12.650964,-16.179346,-0.100995824,-0.4735465,-0.27292338,-0.30835283,0.18289173,-0.8867138,-0.46134102,-0.82188666,-0.8013201,-1.0057105,-0.24867105,-1.1645306,-1.4473994,-1.274581,-0.28928357,0.1572519,-1.5794982,-1.4415454,-1.0784141,7.745262,-6.530727,-13.226821,-9.225974,-14.493214,-14.738511,-15.353509,-16.21803,-15.906518,-16.24201
98,-12.709126,-18.27826,-12.7827215,-18.263369,1.8830199,-0.3497422,-4.9019437,4.741256,-0.11390896,-0.6330349,-1.7850771,4.6784415,4.02812,-3.7032127,-5.547996,-1.0389706,-1.0155054,-1.2962724,-1.138648,-3.2222373,1.2983562,-2.955594,-4.404155,-3.9923918,-4.753011,-10.289965,-11.453764,-10.692244,-15.09412,-14.900873,-14.453466,-14.806563,-18.238804
99,-12.874866,-20.77277,-12.939854,-20.81736,-0.97260916,0.2809325,-0.5399634,0.36148867,0.56169975,2.1018536,0.67364967,0.4399065,-1.1475731,0.24950501,-2.3597062,1.4382586,1.818614,-0.45702714,-2.0620852,-1.6018417,-0.61740464,0.24265352,-3.8394241,-1.1857513,-8.154934,-12.593122,-12.195112,-12.519201,-15.237334,-15.293817,-15.421043,-15.343561,-20.717916
100,-10.9390745,-17.013628,-9.636578,-16.95759,-0.7369495,0.71524686,0.1788915,-0.31936416,1.1093175,2.3360207,-0.23750564,0.46820906,-0.7643391,2.9090233,0.7084302,0.42916068,0.13079612,1.9878302,-1.1579938,-0.46783146,-1.2942961,-0.28272766,-2.522517,-5.338713,-7.0436697,-9.067874,-11.007579,-10.385847,-14.875549,-15.297026,-15.120783,-15.056401,-17.000229
101,-15.042974,-19.17336,-14.585405,-19.187998,0.5955815,1.6110141,0.44402406,0.7718645,0.95994455,2.8333602,0.3038878,0.19195436,-1.3140302,0.4927695,0.6816617,-1.1791747,0.3222973,-1.4506387,-1.1065769,-1.0883614,-1.7856784,-0.7060507,-0.8491989,-0.55893314,-8.16701,-13.874678,-12.611063,-13.405698,-15.759419,-15.759204,-15.582629,-15.89534,-19.196316
102,-12.70782,-20.357248,-11.311245,-20.44794,-0.07377093,2.9889643,-0.66448313,-0.4987889,0.61602014,4.357466,-2.0497532,-1.3018209,-2.8428595,4.574531,-3.1837766,-1.10062,1.2968913,-0.18510845,-2.9518707,-1.7344661,-1.7131338,-0.10158443,-5.6280766,-1.9701766,-6.4977746,-9.717264,-9.996717,-10.613905,-15.125152,-14.737989,-15.415594,-14.8535385,-20.331375
103,-13.729873,-18.985489,-13.354259,-18.9646,0.8129136,0.23530419,-0.36617702,-0.2365283,0.3736123,-0.77238464,-1.0333611,-0.30536342,-0.9357294,-0.66091686,-0.34423345,-2.1599307,-1.0181179,-0.7694142,1.9733421,2.3404212,-0.7991376,-0.17235295,-0.5247612,-0.8251702,-8.085978,-14.773029,-13.848714,-14.814615,-15.623842,-16.493275,-16.132135,-16.75418,-18.996696
104,-12.868252,-17.628704,-12.921852,-17.631878,0.9194655,0.1472786,-0.044932865,0.47686213,0.66904587,0.24446642,0.52759576,0.45678413,-0.07717475,-0.22444718,0.44704503,0.7252496,-0.13027811,-0.12591016,-0.43193886,-0.7648243,-0.93442357,-0.6924068,-0.9145717,-1.174943,-7.6087227,-12.405188,-13.482275,-12.905105,-15.407559,-15.842329,-15.677278,-15.834462,-17.640387
105,-7.8311987,-7.0748415,-8.79404,-7.0244327,3.0553057,-1.1467649,-3.8691132,-0.3057528,0.53001624,-2.555179,1.328929,0.27550822,0.3138709,-2.1129434,3.2284641,-2.119202,1.126889,-1.761535,-0.6390824,-1.5085588,-0.060694344,1.6811929,-0.91409767,-4.4702597,-6.6077394,-9.754041,-11.516896,-8.748018,-14.693517,-13.553063,-14.414335,-15.030599,-7.097861
106,-13.401934,-18.368206,-13.467004,-18.378052,1.4137807,-0.4329542,-0.8339767,1.2884148,0.08156636,-1.0131999,-0.45138592,-0.13429219,1.6278294,-0.8541407,-0.8208733,-0.7913867,-0.69371593,-0.4414992,1.1464506,0.6191851,-0.33796188,-0.43950513,-1.8470387,-0.6071573,-8.610396,-14.152441,-14.630854,-14.381814,-15.171748,-16.283203,-15.783511,-15.971067,-18.393873
107,-12.866089,-17.857046,-12.927236,-17.834318,0.24920164,0.9133617,1.1383824,-0.35495827,1.3720133,0.61366063,1.763388,0.9711586,-1.6047788,0.19750209,2.0470762,0.8204021,1.0301353,0.24388549,-2.1456144,-2.302479,-0.9677967,1.1356075,-1.863376,-3.894103,-8.768513,-12.708833,-12.737457,-12.856878,-15.455395,-15.484467,-15.430986,-15.462434,-17.874025
108,-9.194607,-7.343843,-10.209884,-7.342748,-2.113706,1.0151188,0.6745249,-0.09237823,-1.9641311,0.50268793,-3.4922566,-3.5292645,-2.416139,10.596855,-2.903143,-2.7935534,-3.512615,1.2163868,-2.1549041,-0.5352726,-3.4708142,-2.4598703,-4.802541,-3.8312764,-3.9148312,-7.807984,-9.144721,-10.002478,-15.363462,-14.014963,-13.334331,-13.53751,-7.3101897
109,-14.760343,-21.07754,-14.657508,-21.057526,-0.13417013,-0.16885713,-1.8078693,1.6303726,0.04928979,-1.8508482,-0.34182745,-0.42613798,0.24778901,-1.9569209,-0.39763355,-1.2278323,-1.1349193,-1.3207844,1.2818793,2.2222133,-1.3948411,0.8202785,-2.2881694,2.1578114,-10.531479,-16.50174,-14.815404,-15.982678,-15.012996,-16.501366,-16.160585,-16.808159,-21.094019
110,-11.593308,-17.567932,-11.555165,-17.529573,-0.0936223,9.035238,2.9600012,4.745894,2.0384,-2.3218265,-2.5024858,1.389738,0.15805668,-3.2520103,-2.0260174,-5.4722896,-4.7680964,-5.0612445,-3.3866866,-5.2062387,-0.82799876,-5.6664433,-5.5538116,0.86642486,-3.93306,-11.870614,-12.782272,-11.184521,-14.621808,-15.351475,-15.243128,-14.718165,-17.610369
111,-8.6348715,-7.6258454,-7.537717,-7.6504984,-3.5055606,-1.4604356,0.00828412,-1.8531231,-2.6943278,1.5262837,-3.4425232,-3.5360167,-3.9674425,11.038471,-4.590638,-2.952727,-4.227526,2.266614,-3.073827,0.56406957,-5.279832,-0.87323356,-3.8536928,-2.9279218,-2.4169044,-5.9096394,-7.7877207,-8.282718,-15.461382,-14.545912,-14.138642,-14.5651865,-7.616187
