"","alt","scn","S1M1","S2M1","S3M1","S4M1","S5M1","S6M1","S1M2","S2M2","S3M2","S4M2","S5M2","S6M2","S1M3","S2M3","S3M3","S4M3","S5M3","S6M3","S1M4","S2M4","S3M4","S4M4","S5M4","S6M4","Extrac","Cytopl","LH","primvoltsens","inactivation_gate","pore","SF","gating_break","G","I","E","B","T","S","L","bury","medium","exposed","gofsotherCACgenes","gofsotherSCNgenes","lofsotherCACgenes","lofsotherSCNgenes","CTD","misbad","grantham","BLOSUM","ref_hydrophobic-side-chain:aliphatic","ref_special-amino-acid","ref_negatively-charged","ref_hydrophobic-side-chain:aromatic","ref_positively-charged","ref_polar-uncharged-side-chain","hydrophobic-side-chain:aliphatic","special-amino-acid","negatively-charged","hydrophobic-side-chain:aromatic","positively-charged","polar-uncharged-side-chain","alphahelix_prop_altAA","alphahelix_prop_refAA","hydrophobicity_altAA","hydrophobicity_refAA","hydrophobicity2_altAA","hydrophobicity2_refAA","hydrophobicity3_altAA","hydrophobicity3_refAA","hydrophobicity4_altAA","hydrophobicity4_refAA","scncon","cacBEACDSFcon","cacscncon","missingAA","5.scncac","50.scncac","95.scncac","5.scn","50.scn","95.scn","densgof","densgof3aa","denslof","denslof3aa","Class"
"1","T",0,0,1,0,0,0,0,0,0,0,0,0,0,0,0,0,0,0,0,0,0,0,0,0,0,0,0,0,0,0,0,0,0,0,0,0,0,0.002,0,0.001,0.681,0.3,0.018,0,0,0,0,0,0.475595177,56,1,0,0,1,0,0,0,0,0,0,0,1,0,1.09,1.67,-3.9,-3.5,-0.99,-2.02,2.71,2.68,5.39,1.64,10,7,20,0,0.0128455,0.040898,0.081187,0.009308,0.064776,0.1667716,-0.21,-0.12,-0.28,-0.17,"lof"
"2","A",0,0,0,0,1,0,0,0,0,0,0,0,0,0,0,0,0,0,0,0,0,0,0,0,0,0,0,0,0,0,0,0,0,0.039,0,0.002,0.001,0.025,0.008,0.021,0.132,0.603,0.264,0,1,0,0,0,0.394057305,101,-3,0,0,0,0,1,0,0,0,0,1,0,0,2.05,0.88,-0.9,-4.5,1.85,-0.81,0.3,2.58,-0.38,3.71,8,4,11,0,0.03109175,0.130967,0.210744,0.007952,0.087662,0.2193056,4.39,-0.12,-0.28,-0.17,"lof"
"3","A",0,0,0,0,1,0,0,0,0,0,0,0,0,0,0,0,0,0,0,0,0,0,0,0,0,0,0,0,1,0,0,0,0,0.025,0,0.001,0,0.013,0.004,0.009,0.329,0.519,0.152,0,1,0,0,0,0.581612464,102,-2,0,0,0,0,1,0,1,0,0,0,0,0,0.88,0.88,3.8,-4.5,0.56,-0.81,-0.55,2.58,-1.81,3.71,10,7,20,0,0.00129985,0.009309,0.03778355,0.000937,0.009121,0.040544,-0.21,-0.12,2.91,6.04,"lof"
"4","G",0,0,0,0,1,0,0,0,0,0,0,0,0,0,0,0,0,0,0,0,0,0,0,0,0,0,0,0,1,0,0,0,0,0.032,0,0.001,0,0.013,0.002,0.004,0.26,0.499,0.24,0,0,0,1,0,0.423469863,53,1,0,0,0,0,1,0,0,0,0,0,0,1,1.63,1.09,-3.5,-3.9,-0.58,-0.99,2.36,2.71,3.01,5.39,10,4,14,0,0.0010651,0.020871,0.09116135,0.0012884,0.011271,0.056033,-0.21,-0.12,2.91,-0.17,"lof"
"5","A",0,0,0,0,0,0,0,0,0,0,0,0,0,0,0,0,0,0,0,0,0,0,0,0,0,1,0,0,0,0,0,0,0,0.028,0,0.264,0.078,0.093,0.162,0.367,0.155,0.55,0.296,0,0,0,2,0,0.681053914,180,-3,0,0,0,0,1,0,0,1,0,0,0,0,2.85,0.88,2.5,-4.5,0.24,-0.81,-0.13,2.58,0.49,3.71,9,5,13,1,0.227612,0.359785,0.492984,0.41426,0.678259,1.033703,-0.21,-0.12,-0.28,-0.17,"lof"
"6","G",0,0,0,0,0,0,0,0,0,0,0,0,0,0,0,0,0,0,0,0,0,0,0,0,0,0,1,0,0,0,0,0,1,0.002,0,0,0,0.006,0.001,0.004,0.211,0.236,0.553,0,0,0,1,0,1,155,-2,0,0,0,1,0,0,0,0,0,0,0,1,2.09,2.26,-0.8,2.8,-0.13,1.13,0.84,-0.32,1.83,-2.2,10,7,10,0,0.0049446,0.029846,0.06944,0.0033292,0.023103,0.081784,-0.21,-0.12,-0.28,-0.17,"gof"
"7","A",0,0,0,0,0,0,0,0,0,0,0,0,0,0,0,0,0,0,0,0,0,0,0,0,0,0,1,0,0,0,0,0,1,0.007,0,0.001,0,0.057,0.004,0.009,0.215,0.338,0.447,0,0,0,0,0,0.438187171,22,0,1,0,0,0,0,0,0,0,0,1,0,0,2.26,0.88,2.8,3.8,1.13,0.56,-0.32,-0.55,-2.2,-1.81,4,7,10,0,0.087097,0.138148,0.42098985,0.00622,0.038418,0.155646,-0.21,-0.12,2.91,-0.17,"lof"
"8","A",0,0,0,0,0,0,0,0,0,0,0,0,0,0,0,0,0,0,0,0,0,0,0,0,0,0,1,0,0,0,0,0,1,0.009,0,0.001,0.001,0.015,0.02,0.938,0.026,0.093,0.881,1,0,0,0,0,0.522474884,184,-2,0,1,0,0,0,0,0,0,0,1,0,0,2.05,4.18,-0.9,-0.4,1.85,-0.01,0.3,0.74,-0.38,1.72,7,2,7,2,0.49624,0.650852,0.879806,0.764886,1.115168,1.6727026,-0.21,-0.12,-0.28,-0.17,"lof"
"9","T",0,0,0,0,0,0,0,0,1,0,0,0,0,0,0,0,0,0,0,0,0,0,0,0,0,0,0,0,0,0,0,0,0,0,0,0,0,0.002,0,0.001,0.397,0.537,0.066,0,0,0,0,0,0.475595177,56,1,0,0,1,0,0,0,0,0,0,0,1,0,1.09,1.67,-3.9,-3.5,-0.99,-2.02,2.71,2.68,5.39,1.64,10,7,20,0,0.00205275,0.011124,0.0596891,0.001074,0.015224,0.0845525999999998,-0.21,-0.12,-0.28,-0.17,"lof"
"10","T",0,0,0,0,0,0,0,0,0,0,1,0,0,0,0,0,0,0,0,0,0,0,0,0,0,0,0,0,0,0,0,0,0,0.001,0,0.001,0,0.003,0.001,0.003,0.13,0.382,0.488,0,0,0,0,0,0.359925753,21,1,1,0,0,0,0,0,1,0,0,0,0,0,1,2.55,1.9,4.2,0.23,-0.07,-0.1,-0.31,-0.76,-0.78,8,7,18,0,0.008516,0.041184,0.081264,0.000926,0.010225,0.064296,-0.21,-0.12,-0.28,-0.17,"gof"
"11","T",0,0,0,0,0,0,0,0,0,0,0,0,1,0,0,0,0,0,0,0,0,0,0,0,0,0,0,0,0,0,0,0,0,0.001,0,0,0,0.003,0,0.001,0.172,0.423,0.405,0,0,0,2,0,0.359925753,21,1,1,0,0,0,0,0,1,0,0,0,0,0,1,2.55,1.9,4.2,0.23,-0.07,-0.1,-0.31,-0.76,-0.78,10,7,13,0,0.001508,0.009414,0.0391188,0.001567,0.010898,0.0454803999999999,4.39,-0.12,2.91,6.04,"lof"
"12","G",0,0,0,0,0,0,0,0,0,0,0,0,0,0,0,0,0,0,0,0,0,0,0,0,0,0,1,0,0,0,0,0,0,0.013,0,0.005,0.018,0.075,0.337,0.281,0.257,0.419,0.324,0,0,0,1,0,0.501463176,81,-1,1,0,0,0,0,0,0,0,0,0,0,1,2.76,1,-0.7,1.9,-0.14,0.23,0.52,-0.1,1.78,-0.76,4,2,6,1,0.71276,0.870456,1.104088,0.872317,1.156156,1.642446,-0.21,-0.12,-0.28,-0.17,"lof"
"13","T",0,0,0,0,0,0,0,0,0,0,0,0,0,0,0,0,1,0,0,0,0,0,0,0,0,0,0,0,0,0,0,0,0,0.003,0,0.007,0,0.006,0.002,0.009,0.514,0.28,0.206,1,0,0,1,0,0.6171638,144,-2,0,0,0,0,0,1,0,0,0,1,0,0,2.22,2.09,-1.3,-0.8,0.94,-0.13,0.68,0.84,-1.09,1.83,9,4,12,0,0.001499,0.012317,0.099733,0.002903,0.018302,0.084513,4.39,-0.12,-0.28,-0.17,"lof"
"14","T",0,0,0,0,0,0,0,0,0,0,0,0,0,0,0,0,1,0,0,0,0,0,0,0,0,0,0,0,1,0,0,0,0,0.013,0,0.001,0,0.068,0.004,0.006,0.442,0.446,0.113,0,0,0,0,0,0.5006187,43,1,0,0,0,0,1,0,0,0,0,0,0,1,1.63,0.88,-3.5,-4.5,-0.58,-0.81,2.36,2.58,3.01,3.71,10,7,20,0,0.001127,0.008324,0.047215,0.001856,0.013703,0.0480602,4.39,-0.12,-0.28,-0.17,"gof"
"15","T",0,0,0,0,0,0,0,0,0,0,0,0,0,0,0,0,0,0,0,0,0,0,0,0,0,0,1,1,0,0,0,0,0,0.001,0,0,0,0.002,0,0,0.458,0.401,0.14,0,2,0,1,0,0.941548,194,-2,0,1,0,0,0,0,0,0,0,1,0,0,2.22,2.85,-1.3,2.5,0.94,0.24,0.68,-0.13,-1.09,0.49,10,7,10,0,0.0087622,0.042227,0.131255,0.0049252,0.047096,0.134079,-0.21,-0.12,-0.28,-0.17,"gof"
"16","C",0,0,0,0,0,0,0,0,0,0,0,0,0,0,0,0,0,0,0,0,0,0,0,0,0,1,0,0,0,0,0,0,0,0.052,0,0.126,0.042,0.166,0.433,0.16,0.473,0.329,0.198,0,0,0,1,0,0.7462215,205,-2,0,0,0,1,0,0,0,1,0,0,0,0,2.85,2.26,2.5,2.8,0.24,1.13,-0.13,-0.32,0.49,-2.2,9,6,18,0,0.001707,0.013155,0.09187065,0.000736,0.006629,0.0973852,-0.21,-0.12,-0.28,-0.17,"lof"
"17","T",0,0,0,0,0,0,0,0,0,0,0,0,0,0,0,0,0,0,1,0,0,0,0,0,0,0,0,0,0,0,0,0,0,0.002,0,0.001,0,0.005,0.001,0.001,0.025,0.282,0.693,0,0,0,1,0,0.161188,29,3,1,0,0,0,0,0,1,0,0,0,0,0,1.72,2.55,4.5,4.2,0.31,-0.07,-0.6,-0.31,-1.56,-0.78,7,4,10,0,0.035172,0.0597425,0.23763,0.030772,0.064591,0.159328,-0.21,-0.12,2.91,-0.17,"lof"
"18","T",0,0,0,0,0,0,0,0,0,0,0,0,0,0,0,0,0,0,0,0,0,0,1,0,0,0,0,0,1,0,0,0,0,0.002,0,0.002,0,0.004,0.001,0.004,0.181,0.592,0.227,0,0,0,0,0,0.5795768,29,0,0,0,0,0,1,0,0,0,0,0,1,0,2.55,0.88,-3.2,-4.5,-0.96,-0.81,2.06,2.58,4.76,3.71,9,6,18,0,0.00223925,0.037097,0.1062055,0.0027264,0.031442,0.132096,-0.21,-0.12,-0.28,-0.17,"lof"
"19","A",0,0,0,0,0,0,0,0,0,0,0,0,0,0,0,0,0,0,0,0,0,0,1,0,0,0,0,0,1,0,0,0,0,0.004,0,0,0,0.006,0.001,0.001,0.183,0.629,0.188,0,3,0,0,0,0.3940573,101,-3,0,0,0,0,1,0,0,0,0,1,0,0,2.05,0.88,-0.9,-4.5,1.85,-0.81,0.3,2.58,-0.38,3.71,9,7,19,0,0.001625,0.0145735,0.05614,0.001774,0.017908,0.058179,-0.21,-0.12,-0.28,-0.17,"gof"
"20","C",0,0,0,0,0,0,0,0,0,0,0,0,0,0,0,0,0,0,0,0,0,0,1,0,0,0,0,0,1,0,0,0,0,0.03,0.001,0,0,0.07,0.004,0.005,0.217,0.558,0.225,0,0,0,0,0,0.1681885,26,2,0,0,0,0,1,0,0,0,0,0,1,0,0.88,1.09,-4.5,-3.9,-0.81,-0.99,2.58,2.71,3.71,5.39,10,7,10,0,0.00271675,0.025199,0.06308195,0.0016548,0.016951,0.0504864,-0.21,-0.12,-0.28,-0.17,"gof"
"21","A",0,0,0,0,0,0,0,0,0,0,0,0,0,0,0,0,0,0,0,0,0,0,0,1,0,0,0,0,0,0,0,0,0,0.008,0,0,0,0.005,0.001,0.001,0.397,0.394,0.209,0,0,0,1,0,0.654044,50,-1,1,0,0,0,0,0,0,0,0,1,0,0,2.26,2.55,2.8,4.2,1.13,-0.07,-0.32,-0.31,-2.2,-0.78,10,7,10,0,0.003982,0.021955,0.045819,0.005583,0.028517,0.069008,4.39,-0.12,-0.28,-0.17,"gof"
"22","T",0,0,0,0,0,0,0,0,0,0,0,0,0,0,0,0,0,0,0,0,0,0,0,1,0,0,0,0,0,0,0,0,0,0.008,0,0,0,0.005,0.001,0.001,0.397,0.394,0.209,0,0,0,1,0,0.161188,29,3,1,0,0,0,0,0,1,0,0,0,0,0,1.72,2.55,4.5,4.2,0.31,-0.07,-0.6,-0.31,-1.56,-0.78,10,7,10,0,0.003982,0.021955,0.045819,0.005583,0.028517,0.069008,4.39,-0.12,-0.28,-0.17,"gof"
"23","G",0,0,0,0,0,0,0,0,0,0,0,0,0,0,0,0,0,0,0,0,0,0,0,1,0,0,0,0,0,0,0,0,0,0.001,0,0,0,0.002,0,0.001,0.083,0.332,0.585,0,0,0,0,0,0.5978757,89,-1,1,0,0,0,0,0,0,0,0,0,0,1,2.76,1.72,-0.7,4.5,-0.14,0.31,0.52,-0.6,1.78,-1.56,9,7,9,0,0.007031,0.0275,0.059705,0.005912,0.032625,0.083424,-0.21,-0.12,-0.28,-0.17,"gof"
"24","G",0,0,0,0,0,0,0,0,0,0,0,0,0,0,0,0,0,0,0,0,0,0,0,0,0,1,0,0,0,0,1,0,0,0,0,0,0,0.001,0,0,0.975,0.024,0.001,0,0,1,1,0,0.8833897,98,-3,1,0,0,0,0,0,0,1,0,0,0,0,13.22,0.88,-1.6,3.8,-0.45,0.56,2.23,-0.55,-1.52,-1.81,10,7,20,0,0.007333,0.033642,0.06226555,0.003375,0.024246,0.065145,-0.21,-0.12,2.91,-0.17,"lof"
"25","T",0,0,0,0,0,0,0,0,0,0,0,0,0,0,0,0,0,0,0,0,0,0,0,0,0,1,0,0,0,0,1,1,0,0.015,0.001,0.005,0.006,0.075,0.643,0.149,0.596,0.298,0.106,0,0,0,3,0,0.538106,125,-2,0,1,0,0,0,0,0,0,0,0,1,0,0.88,4.18,-4.5,-0.4,-0.81,-0.01,2.58,0.74,3.71,1.72,9,7,10,0,0.007895,0.0386545,0.069004,0.0038298,0.023196,0.0600242,-0.21,-0.12,6.1,6.04,"lof"
"26","A",0,0,0,0,0,0,0,0,0,0,0,0,0,0,0,0,0,0,0,0,0,0,0,0,1,0,0,0,0,0,0,0,0,0.002,0,0,0,0.013,0.001,0.001,0.275,0.449,0.275,0,0,0,1,0,0.2429509,145,-2,0,0,0,0,0,1,1,0,0,0,0,0,0.88,2.09,3.8,-0.8,0.56,-0.13,-0.55,0.84,-1.81,1.83,9,4,9,0,0.021463,0.0479805,0.088095,0.00496,0.035412,0.08989,-0.21,-0.12,2.91,6.04,"lof"
"27","G",0,0,0,0,0,0,0,0,0,0,0,0,0,0,0,0,0,0,0,0,0,0,0,0,0,0,1,0,0,0,0,0,0,0.001,0,0,0,0.003,0,0.001,0.165,0.347,0.488,3,1,0,3,0,0.3398637,32,1,1,0,0,0,0,0,1,0,0,0,0,0,0.88,2.55,3.8,4.2,0.56,-0.07,-0.55,-0.31,-1.81,-0.78,7,7,17,0,0.0099227,0.036816,0.082641,0.001116,0.010791,0.0464758,-0.21,-0.12,-0.28,-0.17,"gof"
